title,text,subject,date,label
Officials review economy figures in employment records,"According to a statement issued on 16-Aug-21, the department reviewed economy data for the quarter. A spokesperson said the findings in employment were based on filings submitted under existing disclosure rules. No unusual activity was reported in connection with the matter.",world,02-Apr-20,REAL
Health update issued after clinic review,Officials confirmed on 04-Dec-20 that health figures were released following a routine review. A spokesperson said the findings in clinic were based on filings submitted under existing disclosure rules. Additional documentation is expected to be made available on the public register.,sports,26-Aug-20,REAL
Diplomatic update issued after diplomacy review,"According to a statement issued on 21-Oct-19, the department reviewed diplomatic data for the quarter. A spokesperson said the findings in diplomacy were based on filings submitted under existing disclosure rules. The office declined to comment beyond the prepared statement.",health,01-Nov-20,REAL
Technology update issued after software review,"According to a statement issued on 13-Sep-20, the department reviewed technology data for the quarter. A spokesperson said the findings in software were based on filings submitted under existing disclosure rules. Additional documentation is expected to be made available on the public register.",business,21-Jan-21,REAL
BREAKING: the media scandal destroys everything - share before it's deleted!!!,WAKE UP people!!! the media is a total LIE and we have PROOF!!! Everyone is talking about how the secret footage was secretly changed overnight and NOBODY is asking questions!!! If you believe the official story you are being DECEIVED!!! Wake up sheeple!!!,world,25-Jul-19,FAKE
Officials review diplomatic figures in diplomacy records,"A report published on 22-Sep-21 describes how diplomatic developments were documented by the agency. Researchers noted that the results, published in diplomacy, are consistent with data collected over the previous year. No unusual activity was reported in connection with the matter.",sports,13-Jun-20,REAL
Diplomatic update issued after diplomacy review,Officials confirmed on 28-Apr-21 that diplomatic figures were released following a routine review. Independent observers who reviewed the materials in diplomacy described the process as routine and orderly. The department said it would continue to monitor the situation through standard channels.,world,18-Jun-19,REAL
BREAKING: vaccines scandal destroys everything - share before it's deleted!!!,Shocking new evidence about vaccines has just leaked and they are trying to BAN this article!!! Documents that nobody can verify (for reasons that are OBVIOUS) show that the banned report was hidden from YOU!!! If you believe the official story you are being DECEIVED!!! Wake up sheeple!!!,politics,30-Jun-19,FAKE
Officials review diplomatic figures in treaty records,"Officials confirmed on 17-Jan-20 that diplomatic figures were released following a routine review. Researchers noted that the results, published in treaty, are consistent with data collected over the previous year. The department said it would continue to monitor the situation through standard channels.",technology,12-Sep-21,REAL
Officials review technology figures in engineering records,"According to a statement issued on 30-Jan-19, the department reviewed technology data for the quarter. The agency stated that further updates concerning engineering would be provided during the next scheduled briefing. Additional documentation is expected to be made available on the public register.",world,30-Dec-19,REAL
Government update issued after parliament review,The ministry announced on 22-Jul-21 that government statistics had been verified by an independent auditor. A spokesperson said the findings in parliament were based on filings submitted under existing disclosure rules. The department said it would continue to monitor the situation through standard channels.,politics,18-Aug-19,REAL
MIRACLE cure for the media discovered - doctors HATE this one trick!!!,Shocking new evidence about the media has just leaked and they are trying to BAN this article!!! A former employee who wants to stay completely anonymous said the truth about the leaked memo is UNBELIEVABLE!!! The fact that this is not on the news proves EVERYTHING!!!,entertainment,10-Aug-19,FAKE
Technology update issued after software review,Officials confirmed on 04-Feb-21 that technology figures were released following a routine review. A spokesperson said the findings in software were based on filings submitted under existing disclosure rules. The office declined to comment beyond the prepared statement.,world,13-Apr-19,REAL
"BOMBSHELL: the election conspiracy finally uncovered, mainstream media silent!!!",Shocking new evidence about the election has just leaked and they are trying to BAN this article!!! A former employee who wants to stay completely anonymous said the truth about the banned report is UNBELIEVABLE!!! If you believe the official story you are being DECEIVED!!! Wake up sheeple!!!,world,14-Mar-19,FAKE
You won't BELIEVE what insiders revealed about the government - banned truth!!!,The mainstream media will NEVER show you this about the government - 100% guaranteed!!! Everyone is talking about how the banned report was secretly changed overnight and NOBODY is asking questions!!! Comment your reaction NOW and tag everyone you know!!!,conspiracies,02-Aug-20,FAKE
Economy update issued after trade review,"Analysts said on 15-Aug-19 that economy indicators remained within the expected range, citing official records. Independent observers who reviewed the materials in trade described the process as routine and orderly. No unusual activity was reported in connection with the matter.",world,06-Dec-19,REAL
Officials review diplomatic figures in border talks records,A report published on 10-Apr-19 describes how diplomatic developments were documented by the agency. The announcement followed a month-long review in which the numbers were cross-checked against records from border talks. The department said it would continue to monitor the situation through standard channels.,business,27-Sep-21,REAL
"BOMBSHELL: the media conspiracy finally uncovered, mainstream media silent!!!",Shocking new evidence about the media has just leaked and they are trying to BAN this article!!! Documents that nobody can verify (for reasons that are OBVIOUS) show that the secret footage was hidden from YOU!!! SHARE THIS before it gets taken down!!! WAKE UP!!!,politics,25-Oct-20,FAKE
You won't BELIEVE what insiders revealed about the government - banned truth!!!,This one weird trick about the government changed everything and experts are FURIOUS!!! A former employee who wants to stay completely anonymous said the truth about the banned report is UNBELIEVABLE!!! SHARE THIS before it gets taken down!!! WAKE UP!!!,health,01-Nov-20,FAKE
SHOCKING!!! the media secret plan EXPOSED - what they don't want you to know!!!,Insiders whispered the TRUTH about the media and it is worse than you could ever imagine!!! They deleted the evidence about the secret footage but we saved it - share this before it disappears!!! SHARE THIS before it gets taken down!!! WAKE UP!!!,world,20-Feb-21,FAKE
Technology update issued after semiconductors review,"Officials confirmed on 02-Apr-19 that technology figures were released following a routine review. Researchers noted that the results, published in semiconductors, are consistent with data collected over the previous year. No unusual activity was reported in connection with the matter.",business,03-Jun-21,REAL
Officials review diplomatic figures in treaty records,A report published on 03-Oct-19 describes how diplomatic developments were documented by the agency. The agency stated that further updates concerning treaty would be provided during the next scheduled briefing. Additional documentation is expected to be made available on the public register.,technology,10-Mar-20,REAL
Health update issued after public health review,A report published on 13-Apr-20 describes how health developments were documented by the agency. The announcement followed a month-long review in which the numbers were cross-checked against records from public health. Additional documentation is expected to be made available on the public register.,technology,24-Jun-20,REAL
Officials review health figures in public health records,Officials confirmed on 25-Mar-20 that health figures were released following a routine review. The announcement followed a month-long review in which the numbers were cross-checked against records from public health. The department said it would continue to monitor the situation through standard channels.,sports,25-Aug-20,REAL
BREAKING: the election scandal destroys everything - share before it's deleted!!!,The mainstream media will NEVER show you this about the election - 100% guaranteed!!! Anonymous sources claim that the deleted files proves the entire thing was staged from the beginning!!! If you believe the official story you are being DECEIVED!!! Wake up sheeple!!!,entertainment,09-Dec-19,FAKE
Officials review diplomatic figures in treaty records,"According to a statement issued on 17-Jun-19, the department reviewed diplomatic data for the quarter. Researchers noted that the results, published in treaty, are consistent with data collected over the previous year. No unusual activity was reported in connection with the matter.",technology,20-Feb-19,REAL
Diplomatic update issued after treaty review,"A report published on 02-Oct-20 describes how diplomatic developments were documented by the agency. Researchers noted that the results, published in treaty, are consistent with data collected over the previous year. No unusual activity was reported in connection with the matter.",world,29-Aug-20,REAL
Economy update issued after markets review,"According to a statement issued on 19-Feb-21, the department reviewed economy data for the quarter. A spokesperson said the findings in markets were based on filings submitted under existing disclosure rules. No unusual activity was reported in connection with the matter.",technology,20-Jan-19,REAL
SHOCKING!!! the media secret plan EXPOSED - what they don't want you to know!!!,Insiders whispered the TRUTH about the media and it is worse than you could ever imagine!!! Everyone is talking about how the banned report was secretly changed overnight and NOBODY is asking questions!!! If you believe the official story you are being DECEIVED!!! Wake up sheeple!!!,politics,20-Jul-19,FAKE
Government update issued after legislation review,"Analysts said on 18-Jan-20 that government indicators remained within the expected range, citing official records. A spokesperson said the findings in legislation were based on filings submitted under existing disclosure rules. The office declined to comment beyond the prepared statement.",business,18-Aug-19,REAL
Officials review health figures in clinic records,The ministry announced on 16-Apr-20 that health statistics had been verified by an independent auditor. A spokesperson said the findings in clinic were based on filings submitted under existing disclosure rules. Additional documentation is expected to be made available on the public register.,sports,13-Jul-20,REAL
BREAKING: the government scandal destroys everything - share before it's deleted!!!,WAKE UP people!!! the government is a total LIE and we have PROOF!!! A former employee who wants to stay completely anonymous said the truth about the secret footage is UNBELIEVABLE!!! SHARE THIS before it gets taken down!!! WAKE UP!!!,health,24-Sep-20,FAKE
You won't BELIEVE what insiders revealed about vaccines - banned truth!!!,Insiders whispered the TRUTH about vaccines and it is worse than you could ever imagine!!! Anonymous sources claim that the deleted files proves the entire thing was staged from the beginning!!! If you believe the official story you are being DECEIVED!!! Wake up sheeple!!!,politics,26-Mar-21,FAKE
You won't BELIEVE what insiders revealed about vaccines - banned truth!!!,The mainstream media will NEVER show you this about vaccines - 100% guaranteed!!! Everyone is talking about how the leaked memo was secretly changed overnight and NOBODY is asking questions!!! SHARE THIS before it gets taken down!!! WAKE UP!!!,world,04-May-21,FAKE
Government update issued after parliament review,"According to a statement issued on 28-Feb-19, the department reviewed government data for the quarter. The announcement followed a month-long review in which the numbers were cross-checked against records from parliament. The office declined to comment beyond the prepared statement.",health,11-Jun-19,REAL
MIRACLE cure for the government discovered - doctors HATE this one trick!!!,WAKE UP people!!! the government is a total LIE and we have PROOF!!! Anonymous sources claim that the leaked memo proves the entire thing was staged from the beginning!!! The fact that this is not on the news proves EVERYTHING!!!,health,03-Jul-19,FAKE
MIRACLE cure for 5G networks discovered - doctors HATE this one trick!!!,WAKE UP people!!! 5G networks is a total LIE and we have PROOF!!! Documents that nobody can verify (for reasons that are OBVIOUS) show that the banned report was hidden from YOU!!! SHARE THIS before it gets taken down!!! WAKE UP!!!,entertainment,04-Dec-19,FAKE
Officials review technology figures in engineering records,"Analysts said on 28-Mar-20 that technology indicators remained within the expected range, citing official records. The agency stated that further updates concerning engineering would be provided during the next scheduled briefing. Additional documentation is expected to be made available on the public register.",health,27-Apr-19,REAL
You won't BELIEVE what insiders revealed about the government - banned truth!!!,This one weird trick about the government changed everything and experts are FURIOUS!!! A former employee who wants to stay completely anonymous said the truth about the leaked memo is UNBELIEVABLE!!! Comment your reaction NOW and tag everyone you know!!!,health,07-Feb-20,FAKE
Officials review health figures in hospital records,A report published on 31-Mar-19 describes how health developments were documented by the agency. A spokesperson said the findings in hospital were based on filings submitted under existing disclosure rules. The office declined to comment beyond the prepared statement.,health,08-Jun-20,REAL
MIRACLE cure for 5G networks discovered - doctors HATE this one trick!!!,The mainstream media will NEVER show you this about 5G networks - 100% guaranteed!!! They deleted the evidence about the banned report but we saved it - share this before it disappears!!! Comment your reaction NOW and tag everyone you know!!!,entertainment,20-Jul-21,FAKE
Officials review diplomatic figures in treaty records,The ministry announced on 07-Jul-19 that diplomatic statistics had been verified by an independent auditor. Independent observers who reviewed the materials in treaty described the process as routine and orderly. Additional documentation is expected to be made available on the public register.,health,12-May-19,REAL
Officials review diplomatic figures in summit records,"According to a statement issued on 20-Jul-20, the department reviewed diplomatic data for the quarter. Researchers noted that the results, published in summit, are consistent with data collected over the previous year. No unusual activity was reported in connection with the matter.",technology,21-Feb-21,REAL
SHOCKING!!! 5G networks secret plan EXPOSED - what they don't want you to know!!!,Insiders whispered the TRUTH about 5G networks and it is worse than you could ever imagine!!! Everyone is talking about how the leaked memo was secretly changed overnight and NOBODY is asking questions!!! SHARE THIS before it gets taken down!!! WAKE UP!!!,conspiracies,21-Aug-19,FAKE
Officials review government figures in budget records,"According to a statement issued on 15-May-20, the department reviewed government data for the quarter. Independent observers who reviewed the materials in budget described the process as routine and orderly. The office declined to comment beyond the prepared statement.",technology,23-Aug-20,REAL
BREAKING: the media scandal destroys everything - share before it's deleted!!!,The mainstream media will NEVER show you this about the media - 100% guaranteed!!! Documents that nobody can verify (for reasons that are OBVIOUS) show that the leaked memo was hidden from YOU!!! The fact that this is not on the news proves EVERYTHING!!!,entertainment,09-Sep-20,FAKE
"BOMBSHELL: vaccines conspiracy finally uncovered, mainstream media silent!!!",The mainstream media will NEVER show you this about vaccines - 100% guaranteed!!! Anonymous sources claim that the deleted files proves the entire thing was staged from the beginning!!! Comment your reaction NOW and tag everyone you know!!!,politics,22-Apr-21,FAKE
Economy update issued after trade review,"A report published on 14-Jun-21 describes how economy developments were documented by the agency. Researchers noted that the results, published in trade, are consistent with data collected over the previous year. No unusual activity was reported in connection with the matter.",business,26-Mar-19,REAL
"BOMBSHELL: the government conspiracy finally uncovered, mainstream media silent!!!",This one weird trick about the government changed everything and experts are FURIOUS!!! Documents that nobody can verify (for reasons that are OBVIOUS) show that the leaked memo was hidden from YOU!!! SHARE THIS before it gets taken down!!! WAKE UP!!!,conspiracies,12-Jan-20,FAKE
Economy update issued after employment review,A report published on 17-May-21 describes how economy developments were documented by the agency. The announcement followed a month-long review in which the numbers were cross-checked against records from employment. Additional documentation is expected to be made available on the public register.,business,28-Apr-19,REAL
You won't BELIEVE what insiders revealed about vaccines - banned truth!!!,WAKE UP people!!! vaccines is a total LIE and we have PROOF!!! They deleted the evidence about the leaked memo but we saved it - share this before it disappears!!! SHARE THIS before it gets taken down!!! WAKE UP!!!,entertainment,31-Aug-19,FAKE
SHOCKING!!! the media secret plan EXPOSED - what they don't want you to know!!!,WAKE UP people!!! the media is a total LIE and we have PROOF!!! They deleted the evidence about the deleted files but we saved it - share this before it disappears!!! SHARE THIS before it gets taken down!!! WAKE UP!!!,conspiracies,12-Feb-19,FAKE
SHOCKING!!! vaccines secret plan EXPOSED - what they don't want you to know!!!,This one weird trick about vaccines changed everything and experts are FURIOUS!!! Everyone is talking about how the leaked memo was secretly changed overnight and NOBODY is asking questions!!! The fact that this is not on the news proves EVERYTHING!!!,conspiracies,30-Sep-20,FAKE
BREAKING: the election scandal destroys everything - share before it's deleted!!!,The mainstream media will NEVER show you this about the election - 100% guaranteed!!! Anonymous sources claim that the banned report proves the entire thing was staged from the beginning!!! If you believe the official story you are being DECEIVED!!! Wake up sheeple!!!,politics,27-Apr-20,FAKE
Officials review government figures in budget records,"Analysts said on 31-Aug-20 that government indicators remained within the expected range, citing official records. The announcement followed a month-long review in which the numbers were cross-checked against records from budget. No unusual activity was reported in connection with the matter.",health,01-Aug-20,REAL
Government update issued after parliament review,"According to a statement issued on 24-Jun-19, the department reviewed government data for the quarter. The agency stated that further updates concerning parliament would be provided during the next scheduled briefing. The department said it would continue to monitor the situation through standard channels.",health,22-Aug-21,REAL
"BOMBSHELL: the election conspiracy finally uncovered, mainstream media silent!!!",The mainstream media will NEVER show you this about the election - 100% guaranteed!!! Anonymous sources claim that the leaked memo proves the entire thing was staged from the beginning!!! Comment your reaction NOW and tag everyone you know!!!,world,05-Jun-19,FAKE
MIRACLE cure for vaccines discovered - doctors HATE this one trick!!!,Shocking new evidence about vaccines has just leaked and they are trying to BAN this article!!! Documents that nobody can verify (for reasons that are OBVIOUS) show that the deleted files was hidden from YOU!!! SHARE THIS before it gets taken down!!! WAKE UP!!!,politics,22-Oct-20,FAKE
Officials review economy figures in employment records,"According to a statement issued on 09-Jan-20, the department reviewed economy data for the quarter. The agency stated that further updates concerning employment would be provided during the next scheduled briefing. Additional documentation is expected to be made available on the public register.",health,15-May-19,REAL
Health update issued after clinic review,"Analysts said on 17-Jul-20 that health indicators remained within the expected range, citing official records. Researchers noted that the results, published in clinic, are consistent with data collected over the previous year. No unusual activity was reported in connection with the matter.",business,22-Jun-20,REAL
Government update issued after legislation review,"Analysts said on 29-Oct-20 that government indicators remained within the expected range, citing official records. A spokesperson said the findings in legislation were based on filings submitted under existing disclosure rules. Additional documentation is expected to be made available on the public register.",health,04-Jun-19,REAL
SHOCKING!!! vaccines secret plan EXPOSED - what they don't want you to know!!!,Insiders whispered the TRUTH about vaccines and it is worse than you could ever imagine!!! Everyone is talking about how the banned report was secretly changed overnight and NOBODY is asking questions!!! If you believe the official story you are being DECEIVED!!! Wake up sheeple!!!,conspiracies,12-Sep-20,FAKE
SHOCKING!!! the election secret plan EXPOSED - what they don't want you to know!!!,Shocking new evidence about the election has just leaked and they are trying to BAN this article!!! A former employee who wants to stay completely anonymous said the truth about the leaked memo is UNBELIEVABLE!!! Comment your reaction NOW and tag everyone you know!!!,entertainment,14-Jun-19,FAKE
Officials review economy figures in markets records,The ministry announced on 23-Jun-19 that economy statistics had been verified by an independent auditor. A spokesperson said the findings in markets were based on filings submitted under existing disclosure rules. Additional documentation is expected to be made available on the public register.,technology,30-May-19,REAL
Health update issued after clinic review,Officials confirmed on 10-Jun-21 that health figures were released following a routine review. A spokesperson said the findings in clinic were based on filings submitted under existing disclosure rules. The department said it would continue to monitor the situation through standard channels.,business,24-Feb-20,REAL
Officials review economy figures in employment records,"Officials confirmed on 10-Feb-20 that economy figures were released following a routine review. Researchers noted that the results, published in employment, are consistent with data collected over the previous year. The department said it would continue to monitor the situation through standard channels.",technology,31-Jul-21,REAL
Government update issued after ministry review,Officials confirmed on 23-Jan-19 that government figures were released following a routine review. The announcement followed a month-long review in which the numbers were cross-checked against records from ministry. The department said it would continue to monitor the situation through standard channels.,technology,08-Apr-21,REAL
BREAKING: vaccines scandal destroys everything - share before it's deleted!!!,This one weird trick about vaccines changed everything and experts are FURIOUS!!! Documents that nobody can verify (for reasons that are OBVIOUS) show that the banned report was hidden from YOU!!! SHARE THIS before it gets taken down!!! WAKE UP!!!,conspiracies,24-Feb-21,FAKE
BREAKING: the media scandal destroys everything - share before it's deleted!!!,WAKE UP people!!! the media is a total LIE and we have PROOF!!! Anonymous sources claim that the secret footage proves the entire thing was staged from the beginning!!! If you believe the official story you are being DECEIVED!!! Wake up sheeple!!!,entertainment,25-May-20,FAKE
"BOMBSHELL: 5G networks conspiracy finally uncovered, mainstream media silent!!!",Insiders whispered the TRUTH about 5G networks and it is worse than you could ever imagine!!! Everyone is talking about how the banned report was secretly changed overnight and NOBODY is asking questions!!! Comment your reaction NOW and tag everyone you know!!!,world,09-Nov-20,FAKE
Officials review technology figures in semiconductors records,"Analysts said on 22-Jun-21 that technology indicators remained within the expected range, citing official records. A spokesperson said the findings in semiconductors were based on filings submitted under existing disclosure rules. The office declined to comment beyond the prepared statement.",politics,10-Jun-20,REAL
Health update issued after public health review,"Officials confirmed on 29-Mar-21 that health figures were released following a routine review. Researchers noted that the results, published in public health, are consistent with data collected over the previous year. The office declined to comment beyond the prepared statement.",sports,26-Mar-20,REAL
Technology update issued after engineering review,A report published on 26-Mar-19 describes how technology developments were documented by the agency. Independent observers who reviewed the materials in engineering described the process as routine and orderly. No unusual activity was reported in connection with the matter.,world,27-Oct-19,REAL
BREAKING: the election scandal destroys everything - share before it's deleted!!!,This one weird trick about the election changed everything and experts are FURIOUS!!! Anonymous sources claim that the banned report proves the entire thing was staged from the beginning!!! SHARE THIS before it gets taken down!!! WAKE UP!!!,health,20-Jun-21,FAKE
Diplomatic update issued after summit review,The ministry announced on 23-Jul-20 that diplomatic statistics had been verified by an independent auditor. The agency stated that further updates concerning summit would be provided during the next scheduled briefing. No unusual activity was reported in connection with the matter.,sports,18-Nov-20,REAL
Officials review government figures in ministry records,"Analysts said on 20-Sep-20 that government indicators remained within the expected range, citing official records. The agency stated that further updates concerning ministry would be provided during the next scheduled briefing. No unusual activity was reported in connection with the matter.",sports,18-Jun-19,REAL
BREAKING: vaccines scandal destroys everything - share before it's deleted!!!,The mainstream media will NEVER show you this about vaccines - 100% guaranteed!!! Anonymous sources claim that the banned report proves the entire thing was staged from the beginning!!! Comment your reaction NOW and tag everyone you know!!!,politics,16-Apr-19,FAKE
"BOMBSHELL: the media conspiracy finally uncovered, mainstream media silent!!!",This one weird trick about the media changed everything and experts are FURIOUS!!! They deleted the evidence about the leaked memo but we saved it - share this before it disappears!!! SHARE THIS before it gets taken down!!! WAKE UP!!!,entertainment,16-Jun-19,FAKE
You won't BELIEVE what insiders revealed about vaccines - banned truth!!!,Shocking new evidence about vaccines has just leaked and they are trying to BAN this article!!! A former employee who wants to stay completely anonymous said the truth about the banned report is UNBELIEVABLE!!! SHARE THIS before it gets taken down!!! WAKE UP!!!,world,11-Nov-19,FAKE
MIRACLE cure for vaccines discovered - doctors HATE this one trick!!!,Shocking new evidence about vaccines has just leaked and they are trying to BAN this article!!! They deleted the evidence about the banned report but we saved it - share this before it disappears!!! Comment your reaction NOW and tag everyone you know!!!,politics,25-Sep-21,FAKE
BREAKING: the election scandal destroys everything - share before it's deleted!!!,Insiders whispered the TRUTH about the election and it is worse than you could ever imagine!!! Anonymous sources claim that the leaked memo proves the entire thing was staged from the beginning!!! SHARE THIS before it gets taken down!!! WAKE UP!!!,health,10-Jan-20,FAKE
SHOCKING!!! the election secret plan EXPOSED - what they don't want you to know!!!,The mainstream media will NEVER show you this about the election - 100% guaranteed!!! Documents that nobody can verify (for reasons that are OBVIOUS) show that the deleted files was hidden from YOU!!! SHARE THIS before it gets taken down!!! WAKE UP!!!,politics,11-Nov-20,FAKE
Health update issued after vaccine programme review,"Analysts said on 23-Jul-21 that health indicators remained within the expected range, citing official records. The announcement followed a month-long review in which the numbers were cross-checked against records from vaccine programme. Additional documentation is expected to be made available on the public register.",health,15-Sep-20,REAL
MIRACLE cure for vaccines discovered - doctors HATE this one trick!!!,WAKE UP people!!! vaccines is a total LIE and we have PROOF!!! A former employee who wants to stay completely anonymous said the truth about the deleted files is UNBELIEVABLE!!! Comment your reaction NOW and tag everyone you know!!!,conspiracies,05-Apr-21,FAKE
Officials review health figures in hospital records,"Analysts said on 31-Aug-21 that health indicators remained within the expected range, citing official records. A spokesperson said the findings in hospital were based on filings submitted under existing disclosure rules. The department said it would continue to monitor the situation through standard channels.",technology,11-Oct-19,REAL
"BOMBSHELL: 5G networks conspiracy finally uncovered, mainstream media silent!!!",This one weird trick about 5G networks changed everything and experts are FURIOUS!!! Anonymous sources claim that the deleted files proves the entire thing was staged from the beginning!!! The fact that this is not on the news proves EVERYTHING!!!,world,12-Nov-19,FAKE
You won't BELIEVE what insiders revealed about the government - banned truth!!!,Insiders whispered the TRUTH about the government and it is worse than you could ever imagine!!! Anonymous sources claim that the deleted files proves the entire thing was staged from the beginning!!! Comment your reaction NOW and tag everyone you know!!!,conspiracies,18-Sep-21,FAKE
Officials review economy figures in trade records,"The ministry announced on 21-Mar-19 that economy statistics had been verified by an independent auditor. Researchers noted that the results, published in trade, are consistent with data collected over the previous year. The department said it would continue to monitor the situation through standard channels.",business,03-Jul-21,REAL
Officials review diplomatic figures in treaty records,Officials confirmed on 22-Apr-19 that diplomatic figures were released following a routine review. Independent observers who reviewed the materials in treaty described the process as routine and orderly. The office declined to comment beyond the prepared statement.,business,22-Mar-20,REAL
Health update issued after hospital review,The ministry announced on 10-Oct-19 that health statistics had been verified by an independent auditor. A spokesperson said the findings in hospital were based on filings submitted under existing disclosure rules. No unusual activity was reported in connection with the matter.,technology,04-Apr-19,REAL
Diplomatic update issued after summit review,A report published on 04-Jun-21 describes how diplomatic developments were documented by the agency. A spokesperson said the findings in summit were based on filings submitted under existing disclosure rules. The department said it would continue to monitor the situation through standard channels.,politics,03-Jul-19,REAL
Economy update issued after employment review,"Analysts said on 03-May-21 that economy indicators remained within the expected range, citing official records. A spokesperson said the findings in employment were based on filings submitted under existing disclosure rules. The office declined to comment beyond the prepared statement.",sports,12-Dec-19,REAL
You won't BELIEVE what insiders revealed about vaccines - banned truth!!!,This one weird trick about vaccines changed everything and experts are FURIOUS!!! They deleted the evidence about the secret footage but we saved it - share this before it disappears!!! If you believe the official story you are being DECEIVED!!! Wake up sheeple!!!,world,13-Nov-19,FAKE
Technology update issued after software review,"According to a statement issued on 23-May-19, the department reviewed technology data for the quarter. A spokesperson said the findings in software were based on filings submitted under existing disclosure rules. Additional documentation is expected to be made available on the public register.",technology,08-Jul-21,REAL
Health update issued after vaccine programme review,"Analysts said on 03-Mar-19 that health indicators remained within the expected range, citing official records. Independent observers who reviewed the materials in vaccine programme described the process as routine and orderly. Additional documentation is expected to be made available on the public register.",technology,29-Dec-19,REAL
Officials review technology figures in research records,"Analysts said on 31-Mar-21 that technology indicators remained within the expected range, citing official records. A spokesperson said the findings in research were based on filings submitted under existing disclosure rules. No unusual activity was reported in connection with the matter.",health,25-Nov-20,REAL
Technology update issued after software review,The ministry announced on 15-Apr-19 that technology statistics had been verified by an independent auditor. A spokesperson said the findings in software were based on filings submitted under existing disclosure rules. Additional documentation is expected to be made available on the public register.,politics,05-Apr-20,REAL
Officials review diplomatic figures in border talks records,Officials confirmed on 24-Jul-20 that diplomatic figures were released following a routine review. A spokesperson said the findings in border talks were based on filings submitted under existing disclosure rules. No unusual activity was reported in connection with the matter.,technology,14-Nov-20,REAL
Health update issued after public health review,"According to a statement issued on 12-Jul-19, the department reviewed health data for the quarter. A spokesperson said the findings in public health were based on filings submitted under existing disclosure rules. The department said it would continue to monitor the situation through standard channels.",health,18-Feb-20,REAL
Government update issued after budget review,"According to a statement issued on 17-Aug-19, the department reviewed government data for the quarter. Researchers noted that the results, published in budget, are consistent with data collected over the previous year. The office declined to comment beyond the prepared statement.",business,16-Jan-20,REAL
MIRACLE cure for the election discovered - doctors HATE this one trick!!!,This one weird trick about the election changed everything and experts are FURIOUS!!! Anonymous sources claim that the deleted files proves the entire thing was staged from the beginning!!! The fact that this is not on the news proves EVERYTHING!!!,conspiracies,18-Feb-21,FAKE
Officials review government figures in legislation records,The ministry announced on 23-Nov-19 that government statistics had been verified by an independent auditor. The announcement followed a month-long review in which the numbers were cross-checked against records from legislation. Additional documentation is expected to be made available on the public register.,sports,28-Apr-19,REAL
"BOMBSHELL: 5G networks conspiracy finally uncovered, mainstream media silent!!!",The mainstream media will NEVER show you this about 5G networks - 100% guaranteed!!! Documents that nobody can verify (for reasons that are OBVIOUS) show that the deleted files was hidden from YOU!!! SHARE THIS before it gets taken down!!! WAKE UP!!!,entertainment,28-Dec-20,FAKE
SHOCKING!!! 5G networks secret plan EXPOSED - what they don't want you to know!!!,This one weird trick about 5G networks changed everything and experts are FURIOUS!!! They deleted the evidence about the deleted files but we saved it - share this before it disappears!!! If you believe the official story you are being DECEIVED!!! Wake up sheeple!!!,entertainment,09-Sep-21,FAKE
Health update issued after vaccine programme review,"Officials confirmed on 24-Jan-21 that health figures were released following a routine review. Researchers noted that the results, published in vaccine programme, are consistent with data collected over the previous year. Additional documentation is expected to be made available on the public register.",world,29-Jun-19,REAL
Diplomatic update issued after border talks review,Officials confirmed on 23-Dec-20 that diplomatic figures were released following a routine review. A spokesperson said the findings in border talks were based on filings submitted under existing disclosure rules. The department said it would continue to monitor the situation through standard channels.,sports,04-May-20,REAL
BREAKING: the election scandal destroys everything - share before it's deleted!!!,The mainstream media will NEVER show you this about the election - 100% guaranteed!!! A former employee who wants to stay completely anonymous said the truth about the secret footage is UNBELIEVABLE!!! SHARE THIS before it gets taken down!!! WAKE UP!!!,health,10-Jul-21,FAKE
Officials review government figures in parliament records,The ministry announced on 29-Dec-19 that government statistics had been verified by an independent auditor. The agency stated that further updates concerning parliament would be provided during the next scheduled briefing. The office declined to comment beyond the prepared statement.,sports,25-Feb-19,REAL
Officials review diplomatic figures in treaty records,A report published on 14-Jun-19 describes how diplomatic developments were documented by the agency. Independent observers who reviewed the materials in treaty described the process as routine and orderly. Additional documentation is expected to be made available on the public register.,technology,27-Dec-20,REAL
Diplomatic update issued after summit review,"Analysts said on 13-Aug-20 that diplomatic indicators remained within the expected range, citing official records. The agency stated that further updates concerning summit would be provided during the next scheduled briefing. The department said it would continue to monitor the situation through standard channels.",technology,14-Jul-19,REAL
"BOMBSHELL: vaccines conspiracy finally uncovered, mainstream media silent!!!",The mainstream media will NEVER show you this about vaccines - 100% guaranteed!!! A former employee who wants to stay completely anonymous said the truth about the deleted files is UNBELIEVABLE!!! SHARE THIS before it gets taken down!!! WAKE UP!!!,conspiracies,12-Jul-20,FAKE
Officials review economy figures in employment records,Officials confirmed on 16-Dec-20 that economy figures were released following a routine review. Independent observers who reviewed the materials in employment described the process as routine and orderly. The office declined to comment beyond the prepared statement.,politics,13-Jan-19,REAL
You won't BELIEVE what insiders revealed about the media - banned truth!!!,This one weird trick about the media changed everything and experts are FURIOUS!!! A former employee who wants to stay completely anonymous said the truth about the leaked memo is UNBELIEVABLE!!! SHARE THIS before it gets taken down!!! WAKE UP!!!,conspiracies,22-May-21,FAKE
Economy update issued after trade review,"According to a statement issued on 17-Sep-21, the department reviewed economy data for the quarter. The agency stated that further updates concerning trade would be provided during the next scheduled briefing. The department said it would continue to monitor the situation through standard channels.",politics,14-Nov-19,REAL
BREAKING: 5G networks scandal destroys everything - share before it's deleted!!!,Shocking new evidence about 5G networks has just leaked and they are trying to BAN this article!!! Everyone is talking about how the leaked memo was secretly changed overnight and NOBODY is asking questions!!! The fact that this is not on the news proves EVERYTHING!!!,politics,09-Jan-21,FAKE
"BOMBSHELL: 5G networks conspiracy finally uncovered, mainstream media silent!!!",The mainstream media will NEVER show you this about 5G networks - 100% guaranteed!!! Everyone is talking about how the banned report was secretly changed overnight and NOBODY is asking questions!!! The fact that this is not on the news proves EVERYTHING!!!,politics,13-Jan-21,FAKE
You won't BELIEVE what insiders revealed about 5G networks - banned truth!!!,Insiders whispered the TRUTH about 5G networks and it is worse than you could ever imagine!!! Documents that nobody can verify (for reasons that are OBVIOUS) show that the leaked memo was hidden from YOU!!! SHARE THIS before it gets taken down!!! WAKE UP!!!,entertainment,20-Jun-21,FAKE
Officials review diplomatic figures in summit records,The ministry announced on 23-Jan-19 that diplomatic statistics had been verified by an independent auditor. A spokesperson said the findings in summit were based on filings submitted under existing disclosure rules. No unusual activity was reported in connection with the matter.,health,14-Jun-19,REAL
BREAKING: vaccines scandal destroys everything - share before it's deleted!!!,This one weird trick about vaccines changed everything and experts are FURIOUS!!! Everyone is talking about how the leaked memo was secretly changed overnight and NOBODY is asking questions!!! SHARE THIS before it gets taken down!!! WAKE UP!!!,health,15-Aug-20,FAKE
Health update issued after vaccine programme review,Officials confirmed on 05-Jul-19 that health figures were released following a routine review. Independent observers who reviewed the materials in vaccine programme described the process as routine and orderly. No unusual activity was reported in connection with the matter.,health,17-Apr-20,REAL
Economy update issued after employment review,"Officials confirmed on 09-Apr-21 that economy figures were released following a routine review. Researchers noted that the results, published in employment, are consistent with data collected over the previous year. Additional documentation is expected to be made available on the public register.",health,09-Jul-20,REAL
Officials review health figures in public health records,Officials confirmed on 22-Oct-20 that health figures were released following a routine review. The announcement followed a month-long review in which the numbers were cross-checked against records from public health. The office declined to comment beyond the prepared statement.,health,04-Sep-21,REAL
SHOCKING!!! 5G networks secret plan EXPOSED - what they don't want you to know!!!,Insiders whispered the TRUTH about 5G networks and it is worse than you could ever imagine!!! Documents that nobody can verify (for reasons that are OBVIOUS) show that the deleted files was hidden from YOU!!! SHARE THIS before it gets taken down!!! WAKE UP!!!,entertainment,22-Jan-20,FAKE
"BOMBSHELL: the election conspiracy finally uncovered, mainstream media silent!!!",The mainstream media will NEVER show you this about the election - 100% guaranteed!!! They deleted the evidence about the leaked memo but we saved it - share this before it disappears!!! Comment your reaction NOW and tag everyone you know!!!,health,12-Dec-20,FAKE
Officials review economy figures in employment records,A report published on 29-Aug-19 describes how economy developments were documented by the agency. A spokesperson said the findings in employment were based on filings submitted under existing disclosure rules. Additional documentation is expected to be made available on the public register.,world,04-May-21,REAL
Health update issued after public health review,"According to a statement issued on 21-May-19, the department reviewed health data for the quarter. The agency stated that further updates concerning public health would be provided during the next scheduled briefing. The department said it would continue to monitor the situation through standard channels.",sports,27-May-19,REAL
SHOCKING!!! the media secret plan EXPOSED - what they don't want you to know!!!,This one weird trick about the media changed everything and experts are FURIOUS!!! A former employee who wants to stay completely anonymous said the truth about the banned report is UNBELIEVABLE!!! SHARE THIS before it gets taken down!!! WAKE UP!!!,politics,04-May-21,FAKE
Government update issued after parliament review,A report published on 11-Jun-19 describes how government developments were documented by the agency. Independent observers who reviewed the materials in parliament described the process as routine and orderly. No unusual activity was reported in connection with the matter.,business,29-Mar-20,REAL
MIRACLE cure for the media discovered - doctors HATE this one trick!!!,WAKE UP people!!! the media is a total LIE and we have PROOF!!! Documents that nobody can verify (for reasons that are OBVIOUS) show that the secret footage was hidden from YOU!!! If you believe the official story you are being DECEIVED!!! Wake up sheeple!!!,entertainment,09-Jun-19,FAKE
"BOMBSHELL: the government conspiracy finally uncovered, mainstream media silent!!!",Shocking new evidence about the government has just leaked and they are trying to BAN this article!!! Anonymous sources claim that the leaked memo proves the entire thing was staged from the beginning!!! If you believe the official story you are being DECEIVED!!! Wake up sheeple!!!,politics,27-Mar-21,FAKE
Officials review health figures in public health records,"Analysts said on 19-Aug-21 that health indicators remained within the expected range, citing official records. Researchers noted that the results, published in public health, are consistent with data collected over the previous year. The department said it would continue to monitor the situation through standard channels.",health,16-Feb-20,REAL
BREAKING: the government scandal destroys everything - share before it's deleted!!!,The mainstream media will NEVER show you this about the government - 100% guaranteed!!! Documents that nobody can verify (for reasons that are OBVIOUS) show that the secret footage was hidden from YOU!!! The fact that this is not on the news proves EVERYTHING!!!,entertainment,17-Aug-21,FAKE
Officials review health figures in hospital records,The ministry announced on 14-May-21 that health statistics had been verified by an independent auditor. The announcement followed a month-long review in which the numbers were cross-checked against records from hospital. The department said it would continue to monitor the situation through standard channels.,technology,20-Jun-20,REAL
Government update issued after legislation review,Officials confirmed on 16-Mar-20 that government figures were released following a routine review. Independent observers who reviewed the materials in legislation described the process as routine and orderly. The department said it would continue to monitor the situation through standard channels.,business,16-Apr-19,REAL
MIRACLE cure for the media discovered - doctors HATE this one trick!!!,This one weird trick about the media changed everything and experts are FURIOUS!!! A former employee who wants to stay completely anonymous said the truth about the banned report is UNBELIEVABLE!!! The fact that this is not on the news proves EVERYTHING!!!,world,21-Jul-20,FAKE
Economy update issued after trade review,"According to a statement issued on 20-Oct-19, the department reviewed economy data for the quarter. The announcement followed a month-long review in which the numbers were cross-checked against records from trade. No unusual activity was reported in connection with the matter.",world,01-Jul-20,REAL
MIRACLE cure for vaccines discovered - doctors HATE this one trick!!!,The mainstream media will NEVER show you this about vaccines - 100% guaranteed!!! A former employee who wants to stay completely anonymous said the truth about the banned report is UNBELIEVABLE!!! SHARE THIS before it gets taken down!!! WAKE UP!!!,health,30-Jun-20,FAKE
SHOCKING!!! 5G networks secret plan EXPOSED - what they don't want you to know!!!,WAKE UP people!!! 5G networks is a total LIE and we have PROOF!!! Documents that nobody can verify (for reasons that are OBVIOUS) show that the deleted files was hidden from YOU!!! If you believe the official story you are being DECEIVED!!! Wake up sheeple!!!,world,16-Jul-19,FAKE
BREAKING: vaccines scandal destroys everything - share before it's deleted!!!,The mainstream media will NEVER show you this about vaccines - 100% guaranteed!!! Anonymous sources claim that the leaked memo proves the entire thing was staged from the beginning!!! SHARE THIS before it gets taken down!!! WAKE UP!!!,world,28-Feb-20,FAKE
Government update issued after ministry review,Officials confirmed on 20-Dec-19 that government figures were released following a routine review. A spokesperson said the findings in ministry were based on filings submitted under existing disclosure rules. No unusual activity was reported in connection with the matter.,sports,13-Feb-21,REAL
Government update issued after ministry review,"Analysts said on 25-Jan-20 that government indicators remained within the expected range, citing official records. Researchers noted that the results, published in ministry, are consistent with data collected over the previous year. The office declined to comment beyond the prepared statement.",politics,24-Sep-20,REAL
SHOCKING!!! the media secret plan EXPOSED - what they don't want you to know!!!,WAKE UP people!!! the media is a total LIE and we have PROOF!!! A former employee who wants to stay completely anonymous said the truth about the banned report is UNBELIEVABLE!!! Comment your reaction NOW and tag everyone you know!!!,health,12-May-20,FAKE
"BOMBSHELL: 5G networks conspiracy finally uncovered, mainstream media silent!!!",This one weird trick about 5G networks changed everything and experts are FURIOUS!!! Anonymous sources claim that the deleted files proves the entire thing was staged from the beginning!!! The fact that this is not on the news proves EVERYTHING!!!,politics,08-Dec-20,FAKE
SHOCKING!!! 5G networks secret plan EXPOSED - what they don't want you to know!!!,This one weird trick about 5G networks changed everything and experts are FURIOUS!!! Everyone is talking about how the leaked memo was secretly changed overnight and NOBODY is asking questions!!! The fact that this is not on the news proves EVERYTHING!!!,health,02-May-19,FAKE
Officials review government figures in budget records,The ministry announced on 10-Oct-19 that government statistics had been verified by an independent auditor. The agency stated that further updates concerning budget would be provided during the next scheduled briefing. Additional documentation is expected to be made available on the public register.,politics,05-Jan-20,REAL
MIRACLE cure for the election discovered - doctors HATE this one trick!!!,The mainstream media will NEVER show you this about the election - 100% guaranteed!!! Everyone is talking about how the deleted files was secretly changed overnight and NOBODY is asking questions!!! The fact that this is not on the news proves EVERYTHING!!!,entertainment,03-Apr-21,FAKE
Officials review technology figures in research records,"Analysts said on 14-Sep-19 that technology indicators remained within the expected range, citing official records. The announcement followed a month-long review in which the numbers were cross-checked against records from research. No unusual activity was reported in connection with the matter.",sports,06-May-21,REAL
BREAKING: the election scandal destroys everything - share before it's deleted!!!,Insiders whispered the TRUTH about the election and it is worse than you could ever imagine!!! A former employee who wants to stay completely anonymous said the truth about the deleted files is UNBELIEVABLE!!! Comment your reaction NOW and tag everyone you know!!!,world,21-Sep-20,FAKE
You won't BELIEVE what insiders revealed about the media - banned truth!!!,Insiders whispered the TRUTH about the media and it is worse than you could ever imagine!!! They deleted the evidence about the leaked memo but we saved it - share this before it disappears!!! If you believe the official story you are being DECEIVED!!! Wake up sheeple!!!,world,08-Jun-21,FAKE
SHOCKING!!! the media secret plan EXPOSED - what they don't want you to know!!!,WAKE UP people!!! the media is a total LIE and we have PROOF!!! Everyone is talking about how the leaked memo was secretly changed overnight and NOBODY is asking questions!!! If you believe the official story you are being DECEIVED!!! Wake up sheeple!!!,health,08-Aug-19,FAKE
Officials review economy figures in employment records,"According to a statement issued on 31-Mar-21, the department reviewed economy data for the quarter. Independent observers who reviewed the materials in employment described the process as routine and orderly. No unusual activity was reported in connection with the matter.",sports,06-Jan-19,REAL
MIRACLE cure for the government discovered - doctors HATE this one trick!!!,WAKE UP people!!! the government is a total LIE and we have PROOF!!! A former employee who wants to stay completely anonymous said the truth about the banned report is UNBELIEVABLE!!! If you believe the official story you are being DECEIVED!!! Wake up sheeple!!!,health,03-Jul-21,FAKE
SHOCKING!!! the media secret plan EXPOSED - what they don't want you to know!!!,WAKE UP people!!! the media is a total LIE and we have PROOF!!! They deleted the evidence about the leaked memo but we saved it - share this before it disappears!!! If you believe the official story you are being DECEIVED!!! Wake up sheeple!!!,world,15-Mar-21,FAKE
Health update issued after vaccine programme review,"Analysts said on 02-Mar-20 that health indicators remained within the expected range, citing official records. A spokesperson said the findings in vaccine programme were based on filings submitted under existing disclosure rules. No unusual activity was reported in connection with the matter.",business,11-Mar-19,REAL
Health update issued after clinic review,Officials confirmed on 18-Oct-19 that health figures were released following a routine review. Independent observers who reviewed the materials in clinic described the process as routine and orderly. The office declined to comment beyond the prepared statement.,business,16-Feb-19,REAL
You won't BELIEVE what insiders revealed about the government - banned truth!!!,This one weird trick about the government changed everything and experts are FURIOUS!!! A former employee who wants to stay completely anonymous said the truth about the deleted files is UNBELIEVABLE!!! The fact that this is not on the news proves EVERYTHING!!!,conspiracies,13-Aug-20,FAKE
You won't BELIEVE what insiders revealed about the media - banned truth!!!,WAKE UP people!!! the media is a total LIE and we have PROOF!!! They deleted the evidence about the banned report but we saved it - share this before it disappears!!! Comment your reaction NOW and tag everyone you know!!!,entertainment,30-Apr-20,FAKE
MIRACLE cure for the media discovered - doctors HATE this one trick!!!,The mainstream media will NEVER show you this about the media - 100% guaranteed!!! Anonymous sources claim that the deleted files proves the entire thing was staged from the beginning!!! If you believe the official story you are being DECEIVED!!! Wake up sheeple!!!,politics,29-Jan-20,FAKE
Diplomatic update issued after diplomacy review,"Analysts said on 16-Feb-19 that diplomatic indicators remained within the expected range, citing official records. The announcement followed a month-long review in which the numbers were cross-checked against records from diplomacy. Additional documentation is expected to be made available on the public register.",politics,24-Oct-19,REAL
Officials review government figures in legislation records,The ministry announced on 05-Dec-19 that government statistics had been verified by an independent auditor. Independent observers who reviewed the materials in legislation described the process as routine and orderly. The office declined to comment beyond the prepared statement.,world,02-May-21,REAL
SHOCKING!!! vaccines secret plan EXPOSED - what they don't want you to know!!!,This one weird trick about vaccines changed everything and experts are FURIOUS!!! They deleted the evidence about the secret footage but we saved it - share this before it disappears!!! Comment your reaction NOW and tag everyone you know!!!,conspiracies,03-Aug-20,FAKE
Diplomatic update issued after summit review,"Analysts said on 24-Mar-21 that diplomatic indicators remained within the expected range, citing official records. The announcement followed a month-long review in which the numbers were cross-checked against records from summit. The office declined to comment beyond the prepared statement.",business,06-May-20,REAL
MIRACLE cure for the election discovered - doctors HATE this one trick!!!,Insiders whispered the TRUTH about the election and it is worse than you could ever imagine!!! Everyone is talking about how the deleted files was secretly changed overnight and NOBODY is asking questions!!! If you believe the official story you are being DECEIVED!!! Wake up sheeple!!!,conspiracies,01-Aug-19,FAKE
Officials review economy figures in inflation records,"According to a statement issued on 04-Sep-20, the department reviewed economy data for the quarter. Independent observers who reviewed the materials in inflation described the process as routine and orderly. The office declined to comment beyond the prepared statement.",politics,27-Dec-20,REAL
MIRACLE cure for vaccines discovered - doctors HATE this one trick!!!,The mainstream media will NEVER show you this about vaccines - 100% guaranteed!!! A former employee who wants to stay completely anonymous said the truth about the deleted files is UNBELIEVABLE!!! The fact that this is not on the news proves EVERYTHING!!!,conspiracies,28-Aug-19,FAKE
You won't BELIEVE what insiders revealed about vaccines - banned truth!!!,Insiders whispered the TRUTH about vaccines and it is worse than you could ever imagine!!! A former employee who wants to stay completely anonymous said the truth about the banned report is UNBELIEVABLE!!! Comment your reaction NOW and tag everyone you know!!!,entertainment,11-Sep-20,FAKE
Officials review government figures in legislation records,"According to a statement issued on 05-Mar-21, the department reviewed government data for the quarter. A spokesperson said the findings in legislation were based on filings submitted under existing disclosure rules. Additional documentation is expected to be made available on the public register.",world,27-Sep-20,REAL
Officials review economy figures in inflation records,"Analysts said on 31-May-19 that economy indicators remained within the expected range, citing official records. The announcement followed a month-long review in which the numbers were cross-checked against records from inflation. The department said it would continue to monitor the situation through standard channels.",world,13-Jun-20,REAL
Diplomatic update issued after border talks review,Officials confirmed on 18-Jan-19 that diplomatic figures were released following a routine review. Independent observers who reviewed the materials in border talks described the process as routine and orderly. Additional documentation is expected to be made available on the public register.,business,18-Jan-19,REAL
MIRACLE cure for 5G networks discovered - doctors HATE this one trick!!!,The mainstream media will NEVER show you this about 5G networks - 100% guaranteed!!! A former employee who wants to stay completely anonymous said the truth about the secret footage is UNBELIEVABLE!!! Comment your reaction NOW and tag everyone you know!!!,world,16-Jun-20,FAKE
You won't BELIEVE what insiders revealed about the government - banned truth!!!,Insiders whispered the TRUTH about the government and it is worse than you could ever imagine!!! Anonymous sources claim that the deleted files proves the entire thing was staged from the beginning!!! Comment your reaction NOW and tag everyone you know!!!,conspiracies,24-Mar-21,FAKE
SHOCKING!!! vaccines secret plan EXPOSED - what they don't want you to know!!!,This one weird trick about vaccines changed everything and experts are FURIOUS!!! Documents that nobody can verify (for reasons that are OBVIOUS) show that the secret footage was hidden from YOU!!! SHARE THIS before it gets taken down!!! WAKE UP!!!,world,23-Sep-19,FAKE
Health update issued after vaccine programme review,"Officials confirmed on 06-Jul-21 that health figures were released following a routine review. Researchers noted that the results, published in vaccine programme, are consistent with data collected over the previous year. No unusual activity was reported in connection with the matter.",technology,26-Jun-20,REAL
Officials review economy figures in markets records,"According to a statement issued on 11-Aug-21, the department reviewed economy data for the quarter. Independent observers who reviewed the materials in markets described the process as routine and orderly. Additional documentation is expected to be made available on the public register.",health,27-Jan-21,REAL
MIRACLE cure for the media discovered - doctors HATE this one trick!!!,This one weird trick about the media changed everything and experts are FURIOUS!!! Anonymous sources claim that the leaked memo proves the entire thing was staged from the beginning!!! Comment your reaction NOW and tag everyone you know!!!,health,18-May-19,FAKE
SHOCKING!!! the media secret plan EXPOSED - what they don't want you to know!!!,The mainstream media will NEVER show you this about the media - 100% guaranteed!!! They deleted the evidence about the deleted files but we saved it - share this before it disappears!!! Comment your reaction NOW and tag everyone you know!!!,health,15-Dec-20,FAKE
BREAKING: the media scandal destroys everything - share before it's deleted!!!,The mainstream media will NEVER show you this about the media - 100% guaranteed!!! Documents that nobody can verify (for reasons that are OBVIOUS) show that the leaked memo was hidden from YOU!!! The fact that this is not on the news proves EVERYTHING!!!,politics,03-Dec-19,FAKE
BREAKING: vaccines scandal destroys everything - share before it's deleted!!!,This one weird trick about vaccines changed everything and experts are FURIOUS!!! They deleted the evidence about the banned report but we saved it - share this before it disappears!!! If you believe the official story you are being DECEIVED!!! Wake up sheeple!!!,health,06-Feb-21,FAKE
Officials review health figures in vaccine programme records,The ministry announced on 31-Aug-20 that health statistics had been verified by an independent auditor. Independent observers who reviewed the materials in vaccine programme described the process as routine and orderly. The department said it would continue to monitor the situation through standard channels.,world,08-Nov-19,REAL
MIRACLE cure for 5G networks discovered - doctors HATE this one trick!!!,Shocking new evidence about 5G networks has just leaked and they are trying to BAN this article!!! Documents that nobody can verify (for reasons that are OBVIOUS) show that the banned report was hidden from YOU!!! The fact that this is not on the news proves EVERYTHING!!!,conspiracies,06-Oct-20,FAKE
SHOCKING!!! vaccines secret plan EXPOSED - what they don't want you to know!!!,The mainstream media will NEVER show you this about vaccines - 100% guaranteed!!! Anonymous sources claim that the leaked memo proves the entire thing was staged from the beginning!!! If you believe the official story you are being DECEIVED!!! Wake up sheeple!!!,entertainment,13-Jul-21,FAKE
Government update issued after budget review,A report published on 12-Sep-21 describes how government developments were documented by the agency. The announcement followed a month-long review in which the numbers were cross-checked against records from budget. The office declined to comment beyond the prepared statement.,sports,10-Sep-20,REAL
"BOMBSHELL: the government conspiracy finally uncovered, mainstream media silent!!!",The mainstream media will NEVER show you this about the government - 100% guaranteed!!! A former employee who wants to stay completely anonymous said the truth about the leaked memo is UNBELIEVABLE!!! If you believe the official story you are being DECEIVED!!! Wake up sheeple!!!,entertainment,27-Jun-21,FAKE
Government update issued after budget review,"According to a statement issued on 02-May-20, the department reviewed government data for the quarter. The announcement followed a month-long review in which the numbers were cross-checked against records from budget. The office declined to comment beyond the prepared statement.",business,05-Jan-20,REAL
MIRACLE cure for the media discovered - doctors HATE this one trick!!!,This one weird trick about the media changed everything and experts are FURIOUS!!! Anonymous sources claim that the secret footage proves the entire thing was staged from the beginning!!! Comment your reaction NOW and tag everyone you know!!!,health,06-Jun-21,FAKE
You won't BELIEVE what insiders revealed about the government - banned truth!!!,WAKE UP people!!! the government is a total LIE and we have PROOF!!! Everyone is talking about how the leaked memo was secretly changed overnight and NOBODY is asking questions!!! Comment your reaction NOW and tag everyone you know!!!,entertainment,08-Dec-20,FAKE
Officials review government figures in parliament records,Officials confirmed on 07-Dec-20 that government figures were released following a routine review. The announcement followed a month-long review in which the numbers were cross-checked against records from parliament. The office declined to comment beyond the prepared statement.,politics,14-Jul-20,REAL
Officials review government figures in ministry records,Officials confirmed on 19-Aug-21 that government figures were released following a routine review. A spokesperson said the findings in ministry were based on filings submitted under existing disclosure rules. Additional documentation is expected to be made available on the public register.,politics,30-Jan-21,REAL
Officials review diplomatic figures in diplomacy records,"The ministry announced on 01-Apr-19 that diplomatic statistics had been verified by an independent auditor. Researchers noted that the results, published in diplomacy, are consistent with data collected over the previous year. Additional documentation is expected to be made available on the public register.",technology,04-Jun-21,REAL
Technology update issued after semiconductors review,Officials confirmed on 02-May-20 that technology figures were released following a routine review. The agency stated that further updates concerning semiconductors would be provided during the next scheduled briefing. Additional documentation is expected to be made available on the public register.,politics,07-Apr-20,REAL
Technology update issued after engineering review,The ministry announced on 20-Nov-19 that technology statistics had been verified by an independent auditor. The announcement followed a month-long review in which the numbers were cross-checked against records from engineering. The office declined to comment beyond the prepared statement.,health,07-Jan-19,REAL
Technology update issued after semiconductors review,"Analysts said on 23-Feb-21 that technology indicators remained within the expected range, citing official records. A spokesperson said the findings in semiconductors were based on filings submitted under existing disclosure rules. The department said it would continue to monitor the situation through standard channels.",health,19-Jun-19,REAL
Officials review economy figures in markets records,"Analysts said on 11-Mar-19 that economy indicators remained within the expected range, citing official records. Independent observers who reviewed the materials in markets described the process as routine and orderly. The department said it would continue to monitor the situation through standard channels.",health,18-Feb-20,REAL
Technology update issued after software review,"According to a statement issued on 21-Apr-19, the department reviewed technology data for the quarter. The agency stated that further updates concerning software would be provided during the next scheduled briefing. No unusual activity was reported in connection with the matter.",sports,25-Aug-20,REAL
Economy update issued after employment review,The ministry announced on 26-May-19 that economy statistics had been verified by an independent auditor. Independent observers who reviewed the materials in employment described the process as routine and orderly. Additional documentation is expected to be made available on the public register.,technology,07-Apr-20,REAL
Officials review economy figures in inflation records,"According to a statement issued on 28-Jul-19, the department reviewed economy data for the quarter. Independent observers who reviewed the materials in inflation described the process as routine and orderly. No unusual activity was reported in connection with the matter.",technology,15-Apr-19,REAL
Health update issued after vaccine programme review,The ministry announced on 03-May-21 that health statistics had been verified by an independent auditor. Independent observers who reviewed the materials in vaccine programme described the process as routine and orderly. Additional documentation is expected to be made available on the public register.,sports,25-Jun-20,REAL
You won't BELIEVE what insiders revealed about 5G networks - banned truth!!!,Shocking new evidence about 5G networks has just leaked and they are trying to BAN this article!!! They deleted the evidence about the leaked memo but we saved it - share this before it disappears!!! The fact that this is not on the news proves EVERYTHING!!!,conspiracies,26-Nov-19,FAKE
MIRACLE cure for the government discovered - doctors HATE this one trick!!!,The mainstream media will NEVER show you this about the government - 100% guaranteed!!! Anonymous sources claim that the leaked memo proves the entire thing was staged from the beginning!!! Comment your reaction NOW and tag everyone you know!!!,entertainment,11-Sep-19,FAKE
"BOMBSHELL: the media conspiracy finally uncovered, mainstream media silent!!!",The mainstream media will NEVER show you this about the media - 100% guaranteed!!! They deleted the evidence about the leaked memo but we saved it - share this before it disappears!!! Comment your reaction NOW and tag everyone you know!!!,health,01-Jul-19,FAKE
Health update issued after public health review,The ministry announced on 30-May-19 that health statistics had been verified by an independent auditor. A spokesperson said the findings in public health were based on filings submitted under existing disclosure rules. The office declined to comment beyond the prepared statement.,world,24-Jun-19,REAL
MIRACLE cure for the government discovered - doctors HATE this one trick!!!,Shocking new evidence about the government has just leaked and they are trying to BAN this article!!! A former employee who wants to stay completely anonymous said the truth about the secret footage is UNBELIEVABLE!!! Comment your reaction NOW and tag everyone you know!!!,health,20-Jan-21,FAKE
Officials review government figures in ministry records,"Analysts said on 01-Jun-19 that government indicators remained within the expected range, citing official records. The announcement followed a month-long review in which the numbers were cross-checked against records from ministry. The department said it would continue to monitor the situation through standard channels.",sports,22-Aug-20,REAL
Officials review diplomatic figures in diplomacy records,"A report published on 05-May-21 describes how diplomatic developments were documented by the agency. Researchers noted that the results, published in diplomacy, are consistent with data collected over the previous year. The department said it would continue to monitor the situation through standard channels.",world,18-Sep-21,REAL
Officials review technology figures in software records,"The ministry announced on 07-Jul-19 that technology statistics had been verified by an independent auditor. Researchers noted that the results, published in software, are consistent with data collected over the previous year. The office declined to comment beyond the prepared statement.",politics,29-Mar-20,REAL
You won't BELIEVE what insiders revealed about the government - banned truth!!!,The mainstream media will NEVER show you this about the government - 100% guaranteed!!! A former employee who wants to stay completely anonymous said the truth about the banned report is UNBELIEVABLE!!! If you believe the official story you are being DECEIVED!!! Wake up sheeple!!!,world,01-Jan-21,FAKE
Officials review health figures in public health records,A report published on 04-Jul-21 describes how health developments were documented by the agency. Independent observers who reviewed the materials in public health described the process as routine and orderly. Additional documentation is expected to be made available on the public register.,sports,30-Nov-20,REAL
BREAKING: the government scandal destroys everything - share before it's deleted!!!,Shocking new evidence about the government has just leaked and they are trying to BAN this article!!! Everyone is talking about how the banned report was secretly changed overnight and NOBODY is asking questions!!! Comment your reaction NOW and tag everyone you know!!!,entertainment,08-Jul-19,FAKE
Officials review government figures in budget records,The ministry announced on 06-Aug-21 that government statistics had been verified by an independent auditor. Independent observers who reviewed the materials in budget described the process as routine and orderly. The office declined to comment beyond the prepared statement.,business,16-Aug-19,REAL
"BOMBSHELL: the government conspiracy finally uncovered, mainstream media silent!!!",The mainstream media will NEVER show you this about the government - 100% guaranteed!!! Anonymous sources claim that the leaked memo proves the entire thing was staged from the beginning!!! SHARE THIS before it gets taken down!!! WAKE UP!!!,conspiracies,23-Feb-21,FAKE
SHOCKING!!! vaccines secret plan EXPOSED - what they don't want you to know!!!,Shocking new evidence about vaccines has just leaked and they are trying to BAN this article!!! They deleted the evidence about the leaked memo but we saved it - share this before it disappears!!! Comment your reaction NOW and tag everyone you know!!!,health,15-Aug-20,FAKE
"BOMBSHELL: the media conspiracy finally uncovered, mainstream media silent!!!",Shocking new evidence about the media has just leaked and they are trying to BAN this article!!! Anonymous sources claim that the deleted files proves the entire thing was staged from the beginning!!! If you believe the official story you are being DECEIVED!!! Wake up sheeple!!!,world,30-May-20,FAKE
Officials review economy figures in inflation records,A report published on 05-Apr-20 describes how economy developments were documented by the agency. The agency stated that further updates concerning inflation would be provided during the next scheduled briefing. Additional documentation is expected to be made available on the public register.,health,02-Jan-20,REAL
Officials review technology figures in research records,The ministry announced on 23-Feb-20 that technology statistics had been verified by an independent auditor. A spokesperson said the findings in research were based on filings submitted under existing disclosure rules. Additional documentation is expected to be made available on the public register.,health,29-Apr-20,REAL
"BOMBSHELL: the media conspiracy finally uncovered, mainstream media silent!!!",Insiders whispered the TRUTH about the media and it is worse than you could ever imagine!!! Everyone is talking about how the deleted files was secretly changed overnight and NOBODY is asking questions!!! If you believe the official story you are being DECEIVED!!! Wake up sheeple!!!,health,29-Oct-19,FAKE
MIRACLE cure for the media discovered - doctors HATE this one trick!!!,WAKE UP people!!! the media is a total LIE and we have PROOF!!! Everyone is talking about how the deleted files was secretly changed overnight and NOBODY is asking questions!!! The fact that this is not on the news proves EVERYTHING!!!,world,27-Mar-19,FAKE
Officials review health figures in clinic records,"According to a statement issued on 09-Mar-20, the department reviewed health data for the quarter. Independent observers who reviewed the materials in clinic described the process as routine and orderly. The office declined to comment beyond the prepared statement.",business,11-Aug-19,REAL
You won't BELIEVE what insiders revealed about vaccines - banned truth!!!,The mainstream media will NEVER show you this about vaccines - 100% guaranteed!!! Documents that nobody can verify (for reasons that are OBVIOUS) show that the leaked memo was hidden from YOU!!! The fact that this is not on the news proves EVERYTHING!!!,world,17-Mar-19,FAKE
"BOMBSHELL: the government conspiracy finally uncovered, mainstream media silent!!!",The mainstream media will NEVER show you this about the government - 100% guaranteed!!! Everyone is talking about how the banned report was secretly changed overnight and NOBODY is asking questions!!! SHARE THIS before it gets taken down!!! WAKE UP!!!,world,04-Feb-21,FAKE
BREAKING: the election scandal destroys everything - share before it's deleted!!!,Shocking new evidence about the election has just leaked and they are trying to BAN this article!!! They deleted the evidence about the secret footage but we saved it - share this before it disappears!!! If you believe the official story you are being DECEIVED!!! Wake up sheeple!!!,politics,26-Feb-20,FAKE
Government update issued after parliament review,The ministry announced on 27-Feb-20 that government statistics had been verified by an independent auditor. The announcement followed a month-long review in which the numbers were cross-checked against records from parliament. No unusual activity was reported in connection with the matter.,health,13-Sep-21,REAL
Officials review health figures in hospital records,"According to a statement issued on 12-Jan-20, the department reviewed health data for the quarter. Independent observers who reviewed the materials in hospital described the process as routine and orderly. The department said it would continue to monitor the situation through standard channels.",world,04-May-20,REAL
Economy update issued after trade review,"The ministry announced on 06-Apr-20 that economy statistics had been verified by an independent auditor. Researchers noted that the results, published in trade, are consistent with data collected over the previous year. Additional documentation is expected to be made available on the public register.",world,02-Aug-20,REAL
"BOMBSHELL: the government conspiracy finally uncovered, mainstream media silent!!!",Insiders whispered the TRUTH about the government and it is worse than you could ever imagine!!! Everyone is talking about how the deleted files was secretly changed overnight and NOBODY is asking questions!!! Comment your reaction NOW and tag everyone you know!!!,politics,08-Nov-20,FAKE
Technology update issued after research review,The ministry announced on 07-Dec-20 that technology statistics had been verified by an independent auditor. The agency stated that further updates concerning research would be provided during the next scheduled briefing. The office declined to comment beyond the prepared statement.,world,26-Apr-19,REAL
Economy update issued after inflation review,"Officials confirmed on 16-Mar-21 that economy figures were released following a routine review. Researchers noted that the results, published in inflation, are consistent with data collected over the previous year. The department said it would continue to monitor the situation through standard channels.",health,30-Jul-19,REAL
MIRACLE cure for the election discovered - doctors HATE this one trick!!!,Shocking new evidence about the election has just leaked and they are trying to BAN this article!!! Documents that nobody can verify (for reasons that are OBVIOUS) show that the deleted files was hidden from YOU!!! SHARE THIS before it gets taken down!!! WAKE UP!!!,conspiracies,04-Jul-19,FAKE
Economy update issued after trade review,"The ministry announced on 18-Nov-19 that economy statistics had been verified by an independent auditor. Researchers noted that the results, published in trade, are consistent with data collected over the previous year. The department said it would continue to monitor the situation through standard channels.",politics,23-Jan-21,REAL
Government update issued after parliament review,"Analysts said on 17-May-19 that government indicators remained within the expected range, citing official records. The agency stated that further updates concerning parliament would be provided during the next scheduled briefing. No unusual activity was reported in connection with the matter.",politics,21-Mar-20,REAL
Officials review technology figures in software records,"According to a statement issued on 16-Jun-21, the department reviewed technology data for the quarter. The announcement followed a month-long review in which the numbers were cross-checked against records from software. No unusual activity was reported in connection with the matter.",health,20-Apr-19,REAL
Officials review economy figures in markets records,The ministry announced on 05-Apr-21 that economy statistics had been verified by an independent auditor. The announcement followed a month-long review in which the numbers were cross-checked against records from markets. The department said it would continue to monitor the situation through standard channels.,world,03-Jul-21,REAL
Officials review health figures in clinic records,"According to a statement issued on 28-Aug-19, the department reviewed health data for the quarter. The announcement followed a month-long review in which the numbers were cross-checked against records from clinic. The department said it would continue to monitor the situation through standard channels.",health,22-Apr-19,REAL
Officials review health figures in vaccine programme records,Officials confirmed on 23-Nov-20 that health figures were released following a routine review. The announcement followed a month-long review in which the numbers were cross-checked against records from vaccine programme. The department said it would continue to monitor the situation through standard channels.,business,16-Nov-19,REAL
Economy update issued after markets review,"According to a statement issued on 28-May-21, the department reviewed economy data for the quarter. A spokesperson said the findings in markets were based on filings submitted under existing disclosure rules. The office declined to comment beyond the prepared statement.",health,27-Feb-20,REAL
Health update issued after vaccine programme review,"Analysts said on 17-Oct-20 that health indicators remained within the expected range, citing official records. Independent observers who reviewed the materials in vaccine programme described the process as routine and orderly. The department said it would continue to monitor the situation through standard channels.",world,19-Mar-20,REAL
SHOCKING!!! the government secret plan EXPOSED - what they don't want you to know!!!,Shocking new evidence about the government has just leaked and they are trying to BAN this article!!! Anonymous sources claim that the banned report proves the entire thing was staged from the beginning!!! Comment your reaction NOW and tag everyone you know!!!,health,15-Mar-19,FAKE
Diplomatic update issued after border talks review,"According to a statement issued on 06-Sep-21, the department reviewed diplomatic data for the quarter. A spokesperson said the findings in border talks were based on filings submitted under existing disclosure rules. The office declined to comment beyond the prepared statement.",business,13-Jul-20,REAL
SHOCKING!!! vaccines secret plan EXPOSED - what they don't want you to know!!!,The mainstream media will NEVER show you this about vaccines - 100% guaranteed!!! They deleted the evidence about the secret footage but we saved it - share this before it disappears!!! SHARE THIS before it gets taken down!!! WAKE UP!!!,entertainment,27-Nov-19,FAKE
Health update issued after hospital review,"Analysts said on 08-Feb-19 that health indicators remained within the expected range, citing official records. The agency stated that further updates concerning hospital would be provided during the next scheduled briefing. The office declined to comment beyond the prepared statement.",health,21-Oct-19,REAL
Economy update issued after markets review,The ministry announced on 11-Jun-20 that economy statistics had been verified by an independent auditor. The agency stated that further updates concerning markets would be provided during the next scheduled briefing. The office declined to comment beyond the prepared statement.,technology,24-Jan-19,REAL
Officials review health figures in public health records,Officials confirmed on 28-Oct-19 that health figures were released following a routine review. The agency stated that further updates concerning public health would be provided during the next scheduled briefing. The department said it would continue to monitor the situation through standard channels.,sports,15-Jun-21,REAL
Technology update issued after semiconductors review,"Analysts said on 27-Apr-19 that technology indicators remained within the expected range, citing official records. Researchers noted that the results, published in semiconductors, are consistent with data collected over the previous year. Additional documentation is expected to be made available on the public register.",politics,17-Feb-21,REAL
MIRACLE cure for the government discovered - doctors HATE this one trick!!!,Shocking new evidence about the government has just leaked and they are trying to BAN this article!!! Everyone is talking about how the secret footage was secretly changed overnight and NOBODY is asking questions!!! Comment your reaction NOW and tag everyone you know!!!,world,24-Jun-19,FAKE
MIRACLE cure for 5G networks discovered - doctors HATE this one trick!!!,Shocking new evidence about 5G networks has just leaked and they are trying to BAN this article!!! Documents that nobody can verify (for reasons that are OBVIOUS) show that the deleted files was hidden from YOU!!! The fact that this is not on the news proves EVERYTHING!!!,health,14-Aug-19,FAKE
SHOCKING!!! 5G networks secret plan EXPOSED - what they don't want you to know!!!,Shocking new evidence about 5G networks has just leaked and they are trying to BAN this article!!! A former employee who wants to stay completely anonymous said the truth about the leaked memo is UNBELIEVABLE!!! The fact that this is not on the news proves EVERYTHING!!!,entertainment,16-Oct-20,FAKE
SHOCKING!!! 5G networks secret plan EXPOSED - what they don't want you to know!!!,Insiders whispered the TRUTH about 5G networks and it is worse than you could ever imagine!!! They deleted the evidence about the leaked memo but we saved it - share this before it disappears!!! The fact that this is not on the news proves EVERYTHING!!!,entertainment,27-Sep-21,FAKE
MIRACLE cure for the media discovered - doctors HATE this one trick!!!,The mainstream media will NEVER show you this about the media - 100% guaranteed!!! Everyone is talking about how the deleted files was secretly changed overnight and NOBODY is asking questions!!! If you believe the official story you are being DECEIVED!!! Wake up sheeple!!!,world,01-Jun-20,FAKE
"BOMBSHELL: the media conspiracy finally uncovered, mainstream media silent!!!",Insiders whispered the TRUTH about the media and it is worse than you could ever imagine!!! Documents that nobody can verify (for reasons that are OBVIOUS) show that the leaked memo was hidden from YOU!!! SHARE THIS before it gets taken down!!! WAKE UP!!!,conspiracies,27-Dec-20,FAKE
Government update issued after legislation review,A report published on 26-Nov-19 describes how government developments were documented by the agency. A spokesperson said the findings in legislation were based on filings submitted under existing disclosure rules. The office declined to comment beyond the prepared statement.,business,05-Oct-19,REAL
Technology update issued after semiconductors review,"According to a statement issued on 28-Feb-20, the department reviewed technology data for the quarter. The agency stated that further updates concerning semiconductors would be provided during the next scheduled briefing. No unusual activity was reported in connection with the matter.",health,15-Jul-21,REAL
Officials review diplomatic figures in treaty records,"The ministry announced on 04-Nov-19 that diplomatic statistics had been verified by an independent auditor. Researchers noted that the results, published in treaty, are consistent with data collected over the previous year. No unusual activity was reported in connection with the matter.",sports,17-Jun-19,REAL
"BOMBSHELL: 5G networks conspiracy finally uncovered, mainstream media silent!!!",Shocking new evidence about 5G networks has just leaked and they are trying to BAN this article!!! Anonymous sources claim that the deleted files proves the entire thing was staged from the beginning!!! If you believe the official story you are being DECEIVED!!! Wake up sheeple!!!,health,07-Mar-19,FAKE
Officials review economy figures in employment records,"According to a statement issued on 19-Apr-20, the department reviewed economy data for the quarter. Researchers noted that the results, published in employment, are consistent with data collected over the previous year. No unusual activity was reported in connection with the matter.",sports,08-Nov-19,REAL
MIRACLE cure for the government discovered - doctors HATE this one trick!!!,Shocking new evidence about the government has just leaked and they are trying to BAN this article!!! A former employee who wants to stay completely anonymous said the truth about the banned report is UNBELIEVABLE!!! If you believe the official story you are being DECEIVED!!! Wake up sheeple!!!,entertainment,21-May-21,FAKE
SHOCKING!!! the government secret plan EXPOSED - what they don't want you to know!!!,The mainstream media will NEVER show you this about the government - 100% guaranteed!!! Anonymous sources claim that the banned report proves the entire thing was staged from the beginning!!! If you believe the official story you are being DECEIVED!!! Wake up sheeple!!!,conspiracies,14-Apr-20,FAKE
Officials review technology figures in engineering records,"According to a statement issued on 20-Aug-19, the department reviewed technology data for the quarter. Researchers noted that the results, published in engineering, are consistent with data collected over the previous year. No unusual activity was reported in connection with the matter.",sports,14-Nov-20,REAL
Diplomatic update issued after treaty review,A report published on 04-Feb-19 describes how diplomatic developments were documented by the agency. Independent observers who reviewed the materials in treaty described the process as routine and orderly. The department said it would continue to monitor the situation through standard channels.,sports,06-Feb-19,REAL
"BOMBSHELL: the media conspiracy finally uncovered, mainstream media silent!!!",WAKE UP people!!! the media is a total LIE and we have PROOF!!! They deleted the evidence about the secret footage but we saved it - share this before it disappears!!! SHARE THIS before it gets taken down!!! WAKE UP!!!,world,07-Dec-20,FAKE
You won't BELIEVE what insiders revealed about the election - banned truth!!!,The mainstream media will NEVER show you this about the election - 100% guaranteed!!! They deleted the evidence about the banned report but we saved it - share this before it disappears!!! Comment your reaction NOW and tag everyone you know!!!,politics,24-Jul-21,FAKE
BREAKING: the election scandal destroys everything - share before it's deleted!!!,Shocking new evidence about the election has just leaked and they are trying to BAN this article!!! Documents that nobody can verify (for reasons that are OBVIOUS) show that the banned report was hidden from YOU!!! Comment your reaction NOW and tag everyone you know!!!,entertainment,05-Apr-19,FAKE
BREAKING: the media scandal destroys everything - share before it's deleted!!!,Insiders whispered the TRUTH about the media and it is worse than you could ever imagine!!! A former employee who wants to stay completely anonymous said the truth about the deleted files is UNBELIEVABLE!!! Comment your reaction NOW and tag everyone you know!!!,politics,29-Jan-19,FAKE
SHOCKING!!! the election secret plan EXPOSED - what they don't want you to know!!!,The mainstream media will NEVER show you this about the election - 100% guaranteed!!! Anonymous sources claim that the deleted files proves the entire thing was staged from the beginning!!! Comment your reaction NOW and tag everyone you know!!!,health,14-May-21,FAKE
Officials review economy figures in employment records,"Analysts said on 01-Feb-20 that economy indicators remained within the expected range, citing official records. Independent observers who reviewed the materials in employment described the process as routine and orderly. No unusual activity was reported in connection with the matter.",business,21-Dec-20,REAL
Health update issued after vaccine programme review,A report published on 11-Jul-19 describes how health developments were documented by the agency. A spokesperson said the findings in vaccine programme were based on filings submitted under existing disclosure rules. Additional documentation is expected to be made available on the public register.,politics,07-Nov-20,REAL
SHOCKING!!! vaccines secret plan EXPOSED - what they don't want you to know!!!,The mainstream media will NEVER show you this about vaccines - 100% guaranteed!!! Anonymous sources claim that the deleted files proves the entire thing was staged from the beginning!!! If you believe the official story you are being DECEIVED!!! Wake up sheeple!!!,conspiracies,01-Mar-19,FAKE
"BOMBSHELL: 5G networks conspiracy finally uncovered, mainstream media silent!!!",WAKE UP people!!! 5G networks is a total LIE and we have PROOF!!! Documents that nobody can verify (for reasons that are OBVIOUS) show that the deleted files was hidden from YOU!!! SHARE THIS before it gets taken down!!! WAKE UP!!!,conspiracies,01-Jul-19,FAKE
"BOMBSHELL: 5G networks conspiracy finally uncovered, mainstream media silent!!!",WAKE UP people!!! 5G networks is a total LIE and we have PROOF!!! They deleted the evidence about the banned report but we saved it - share this before it disappears!!! The fact that this is not on the news proves EVERYTHING!!!,health,03-Aug-19,FAKE
MIRACLE cure for 5G networks discovered - doctors HATE this one trick!!!,WAKE UP people!!! 5G networks is a total LIE and we have PROOF!!! A former employee who wants to stay completely anonymous said the truth about the leaked memo is UNBELIEVABLE!!! SHARE THIS before it gets taken down!!! WAKE UP!!!,entertainment,06-Jul-20,FAKE
Officials review economy figures in inflation records,The ministry announced on 18-Nov-19 that economy statistics had been verified by an independent auditor. The agency stated that further updates concerning inflation would be provided during the next scheduled briefing. The department said it would continue to monitor the situation through standard channels.,world,25-Feb-20,REAL
You won't BELIEVE what insiders revealed about 5G networks - banned truth!!!,Insiders whispered the TRUTH about 5G networks and it is worse than you could ever imagine!!! Everyone is talking about how the banned report was secretly changed overnight and NOBODY is asking questions!!! The fact that this is not on the news proves EVERYTHING!!!,conspiracies,28-Feb-20,FAKE
Economy update issued after trade review,Officials confirmed on 23-Jan-19 that economy figures were released following a routine review. A spokesperson said the findings in trade were based on filings submitted under existing disclosure rules. The department said it would continue to monitor the situation through standard channels.,health,31-May-21,REAL
BREAKING: 5G networks scandal destroys everything - share before it's deleted!!!,Shocking new evidence about 5G networks has just leaked and they are trying to BAN this article!!! Documents that nobody can verify (for reasons that are OBVIOUS) show that the leaked memo was hidden from YOU!!! SHARE THIS before it gets taken down!!! WAKE UP!!!,conspiracies,09-Feb-21,FAKE
BREAKING: 5G networks scandal destroys everything - share before it's deleted!!!,WAKE UP people!!! 5G networks is a total LIE and we have PROOF!!! They deleted the evidence about the deleted files but we saved it - share this before it disappears!!! If you believe the official story you are being DECEIVED!!! Wake up sheeple!!!,entertainment,18-Apr-20,FAKE
"BOMBSHELL: vaccines conspiracy finally uncovered, mainstream media silent!!!",WAKE UP people!!! vaccines is a total LIE and we have PROOF!!! A former employee who wants to stay completely anonymous said the truth about the leaked memo is UNBELIEVABLE!!! SHARE THIS before it gets taken down!!! WAKE UP!!!,entertainment,25-Nov-20,FAKE
"BOMBSHELL: the media conspiracy finally uncovered, mainstream media silent!!!",WAKE UP people!!! the media is a total LIE and we have PROOF!!! Everyone is talking about how the deleted files was secretly changed overnight and NOBODY is asking questions!!! SHARE THIS before it gets taken down!!! WAKE UP!!!,entertainment,22-Jan-20,FAKE
Diplomatic update issued after diplomacy review,A report published on 04-Jun-19 describes how diplomatic developments were documented by the agency. A spokesperson said the findings in diplomacy were based on filings submitted under existing disclosure rules. The office declined to comment beyond the prepared statement.,sports,08-Aug-19,REAL
SHOCKING!!! vaccines secret plan EXPOSED - what they don't want you to know!!!,This one weird trick about vaccines changed everything and experts are FURIOUS!!! They deleted the evidence about the secret footage but we saved it - share this before it disappears!!! SHARE THIS before it gets taken down!!! WAKE UP!!!,conspiracies,11-Nov-20,FAKE
MIRACLE cure for vaccines discovered - doctors HATE this one trick!!!,Shocking new evidence about vaccines has just leaked and they are trying to BAN this article!!! Anonymous sources claim that the deleted files proves the entire thing was staged from the beginning!!! If you believe the official story you are being DECEIVED!!! Wake up sheeple!!!,health,22-Jan-21,FAKE
Government update issued after budget review,A report published on 10-May-19 describes how government developments were documented by the agency. The agency stated that further updates concerning budget would be provided during the next scheduled briefing. No unusual activity was reported in connection with the matter.,world,21-Apr-20,REAL
MIRACLE cure for vaccines discovered - doctors HATE this one trick!!!,WAKE UP people!!! vaccines is a total LIE and we have PROOF!!! A former employee who wants to stay completely anonymous said the truth about the leaked memo is UNBELIEVABLE!!! The fact that this is not on the news proves EVERYTHING!!!,politics,15-Apr-19,FAKE
BREAKING: the government scandal destroys everything - share before it's deleted!!!,The mainstream media will NEVER show you this about the government - 100% guaranteed!!! A former employee who wants to stay completely anonymous said the truth about the deleted files is UNBELIEVABLE!!! The fact that this is not on the news proves EVERYTHING!!!,world,25-Nov-19,FAKE
MIRACLE cure for the government discovered - doctors HATE this one trick!!!,Insiders whispered the TRUTH about the government and it is worse than you could ever imagine!!! A former employee who wants to stay completely anonymous said the truth about the secret footage is UNBELIEVABLE!!! If you believe the official story you are being DECEIVED!!! Wake up sheeple!!!,entertainment,04-Dec-20,FAKE
Officials review diplomatic figures in treaty records,"According to a statement issued on 29-Jul-19, the department reviewed diplomatic data for the quarter. Researchers noted that the results, published in treaty, are consistent with data collected over the previous year. The department said it would continue to monitor the situation through standard channels.",world,18-Nov-20,REAL
Government update issued after legislation review,"According to a statement issued on 17-Sep-21, the department reviewed government data for the quarter. Independent observers who reviewed the materials in legislation described the process as routine and orderly. The department said it would continue to monitor the situation through standard channels.",health,06-May-20,REAL
Technology update issued after research review,"Analysts said on 20-Jan-20 that technology indicators remained within the expected range, citing official records. The announcement followed a month-long review in which the numbers were cross-checked against records from research. The office declined to comment beyond the prepared statement.",health,28-Oct-20,REAL
BREAKING: 5G networks scandal destroys everything - share before it's deleted!!!,Shocking new evidence about 5G networks has just leaked and they are trying to BAN this article!!! They deleted the evidence about the secret footage but we saved it - share this before it disappears!!! The fact that this is not on the news proves EVERYTHING!!!,health,04-May-19,FAKE
BREAKING: the government scandal destroys everything - share before it's deleted!!!,WAKE UP people!!! the government is a total LIE and we have PROOF!!! Anonymous sources claim that the secret footage proves the entire thing was staged from the beginning!!! SHARE THIS before it gets taken down!!! WAKE UP!!!,conspiracies,14-May-19,FAKE
"BOMBSHELL: vaccines conspiracy finally uncovered, mainstream media silent!!!",Shocking new evidence about vaccines has just leaked and they are trying to BAN this article!!! They deleted the evidence about the secret footage but we saved it - share this before it disappears!!! SHARE THIS before it gets taken down!!! WAKE UP!!!,health,25-Jan-21,FAKE
"BOMBSHELL: the media conspiracy finally uncovered, mainstream media silent!!!",The mainstream media will NEVER show you this about the media - 100% guaranteed!!! Everyone is talking about how the leaked memo was secretly changed overnight and NOBODY is asking questions!!! If you believe the official story you are being DECEIVED!!! Wake up sheeple!!!,health,27-Mar-20,FAKE
BREAKING: the election scandal destroys everything - share before it's deleted!!!,Insiders whispered the TRUTH about the election and it is worse than you could ever imagine!!! A former employee who wants to stay completely anonymous said the truth about the deleted files is UNBELIEVABLE!!! Comment your reaction NOW and tag everyone you know!!!,entertainment,01-Apr-21,FAKE
Officials review diplomatic figures in diplomacy records,"Analysts said on 08-Mar-20 that diplomatic indicators remained within the expected range, citing official records. The announcement followed a month-long review in which the numbers were cross-checked against records from diplomacy. No unusual activity was reported in connection with the matter.",world,01-Jun-20,REAL
BREAKING: vaccines scandal destroys everything - share before it's deleted!!!,This one weird trick about vaccines changed everything and experts are FURIOUS!!! They deleted the evidence about the secret footage but we saved it - share this before it disappears!!! SHARE THIS before it gets taken down!!! WAKE UP!!!,health,16-Apr-20,FAKE
Health update issued after clinic review,"According to a statement issued on 07-Feb-21, the department reviewed health data for the quarter. A spokesperson said the findings in clinic were based on filings submitted under existing disclosure rules. The department said it would continue to monitor the situation through standard channels.",technology,20-Jan-19,REAL
MIRACLE cure for 5G networks discovered - doctors HATE this one trick!!!,Shocking new evidence about 5G networks has just leaked and they are trying to BAN this article!!! A former employee who wants to stay completely anonymous said the truth about the banned report is UNBELIEVABLE!!! If you believe the official story you are being DECEIVED!!! Wake up sheeple!!!,politics,30-Nov-19,FAKE
BREAKING: the election scandal destroys everything - share before it's deleted!!!,WAKE UP people!!! the election is a total LIE and we have PROOF!!! Documents that nobody can verify (for reasons that are OBVIOUS) show that the deleted files was hidden from YOU!!! If you believe the official story you are being DECEIVED!!! Wake up sheeple!!!,world,07-Apr-20,FAKE
You won't BELIEVE what insiders revealed about 5G networks - banned truth!!!,Insiders whispered the TRUTH about 5G networks and it is worse than you could ever imagine!!! A former employee who wants to stay completely anonymous said the truth about the leaked memo is UNBELIEVABLE!!! SHARE THIS before it gets taken down!!! WAKE UP!!!,entertainment,25-Jan-20,FAKE
BREAKING: the election scandal destroys everything - share before it's deleted!!!,Shocking new evidence about the election has just leaked and they are trying to BAN this article!!! Everyone is talking about how the leaked memo was secretly changed overnight and NOBODY is asking questions!!! The fact that this is not on the news proves EVERYTHING!!!,politics,20-Jul-21,FAKE
Officials review economy figures in employment records,The ministry announced on 20-Jun-20 that economy statistics had been verified by an independent auditor. Independent observers who reviewed the materials in employment described the process as routine and orderly. The department said it would continue to monitor the situation through standard channels.,business,01-Feb-20,REAL
BREAKING: the government scandal destroys everything - share before it's deleted!!!,WAKE UP people!!! the government is a total LIE and we have PROOF!!! They deleted the evidence about the banned report but we saved it - share this before it disappears!!! If you believe the official story you are being DECEIVED!!! Wake up sheeple!!!,entertainment,07-Jan-19,FAKE
Officials review technology figures in semiconductors records,"According to a statement issued on 06-Sep-20, the department reviewed technology data for the quarter. Researchers noted that the results, published in semiconductors, are consistent with data collected over the previous year. Additional documentation is expected to be made available on the public register.",health,06-Aug-19,REAL
Technology update issued after software review,"Analysts said on 14-Aug-19 that technology indicators remained within the expected range, citing official records. A spokesperson said the findings in software were based on filings submitted under existing disclosure rules. The office declined to comment beyond the prepared statement.",health,30-Oct-19,REAL
BREAKING: vaccines scandal destroys everything - share before it's deleted!!!,The mainstream media will NEVER show you this about vaccines - 100% guaranteed!!! Anonymous sources claim that the secret footage proves the entire thing was staged from the beginning!!! Comment your reaction NOW and tag everyone you know!!!,health,26-Aug-20,FAKE
Officials review diplomatic figures in border talks records,"Officials confirmed on 31-Mar-19 that diplomatic figures were released following a routine review. Researchers noted that the results, published in border talks, are consistent with data collected over the previous year. The office declined to comment beyond the prepared statement.",world,20-Oct-20,REAL
Officials review economy figures in markets records,"Officials confirmed on 30-May-19 that economy figures were released following a routine review. Researchers noted that the results, published in markets, are consistent with data collected over the previous year. The department said it would continue to monitor the situation through standard channels.",world,17-Feb-21,REAL
"BOMBSHELL: the media conspiracy finally uncovered, mainstream media silent!!!",This one weird trick about the media changed everything and experts are FURIOUS!!! Anonymous sources claim that the deleted files proves the entire thing was staged from the beginning!!! SHARE THIS before it gets taken down!!! WAKE UP!!!,conspiracies,14-Oct-20,FAKE
Diplomatic update issued after diplomacy review,Officials confirmed on 13-Nov-19 that diplomatic figures were released following a routine review. The agency stated that further updates concerning diplomacy would be provided during the next scheduled briefing. The office declined to comment beyond the prepared statement.,technology,23-Apr-21,REAL
MIRACLE cure for the election discovered - doctors HATE this one trick!!!,Shocking new evidence about the election has just leaked and they are trying to BAN this article!!! A former employee who wants to stay completely anonymous said the truth about the banned report is UNBELIEVABLE!!! The fact that this is not on the news proves EVERYTHING!!!,world,23-Jul-20,FAKE
Government update issued after budget review,"Officials confirmed on 14-Dec-20 that government figures were released following a routine review. Researchers noted that the results, published in budget, are consistent with data collected over the previous year. No unusual activity was reported in connection with the matter.",health,12-Mar-21,REAL
Officials review economy figures in trade records,"Analysts said on 27-Aug-20 that economy indicators remained within the expected range, citing official records. The announcement followed a month-long review in which the numbers were cross-checked against records from trade. The department said it would continue to monitor the situation through standard channels.",world,09-Nov-19,REAL
SHOCKING!!! 5G networks secret plan EXPOSED - what they don't want you to know!!!,WAKE UP people!!! 5G networks is a total LIE and we have PROOF!!! A former employee who wants to stay completely anonymous said the truth about the secret footage is UNBELIEVABLE!!! Comment your reaction NOW and tag everyone you know!!!,health,23-Apr-20,FAKE
Economy update issued after markets review,"A report published on 21-Mar-19 describes how economy developments were documented by the agency. Researchers noted that the results, published in markets, are consistent with data collected over the previous year. No unusual activity was reported in connection with the matter.",health,05-May-21,REAL
SHOCKING!!! the election secret plan EXPOSED - what they don't want you to know!!!,WAKE UP people!!! the election is a total LIE and we have PROOF!!! Everyone is talking about how the deleted files was secretly changed overnight and NOBODY is asking questions!!! Comment your reaction NOW and tag everyone you know!!!,conspiracies,03-Feb-19,FAKE
MIRACLE cure for the government discovered - doctors HATE this one trick!!!,The mainstream media will NEVER show you this about the government - 100% guaranteed!!! Documents that nobody can verify (for reasons that are OBVIOUS) show that the leaked memo was hidden from YOU!!! SHARE THIS before it gets taken down!!! WAKE UP!!!,conspiracies,06-May-19,FAKE
You won't BELIEVE what insiders revealed about 5G networks - banned truth!!!,WAKE UP people!!! 5G networks is a total LIE and we have PROOF!!! They deleted the evidence about the deleted files but we saved it - share this before it disappears!!! Comment your reaction NOW and tag everyone you know!!!,conspiracies,02-Sep-19,FAKE
You won't BELIEVE what insiders revealed about the government - banned truth!!!,WAKE UP people!!! the government is a total LIE and we have PROOF!!! Documents that nobody can verify (for reasons that are OBVIOUS) show that the deleted files was hidden from YOU!!! If you believe the official story you are being DECEIVED!!! Wake up sheeple!!!,health,30-Sep-20,FAKE
MIRACLE cure for vaccines discovered - doctors HATE this one trick!!!,The mainstream media will NEVER show you this about vaccines - 100% guaranteed!!! Documents that nobody can verify (for reasons that are OBVIOUS) show that the banned report was hidden from YOU!!! Comment your reaction NOW and tag everyone you know!!!,conspiracies,27-Jul-19,FAKE
Government update issued after legislation review,"According to a statement issued on 28-Feb-21, the department reviewed government data for the quarter. Independent observers who reviewed the materials in legislation described the process as routine and orderly. No unusual activity was reported in connection with the matter.",politics,08-Nov-20,REAL
Officials review technology figures in research records,The ministry announced on 02-Jun-19 that technology statistics had been verified by an independent auditor. Independent observers who reviewed the materials in research described the process as routine and orderly. No unusual activity was reported in connection with the matter.,world,01-Jun-20,REAL
SHOCKING!!! the government secret plan EXPOSED - what they don't want you to know!!!,This one weird trick about the government changed everything and experts are FURIOUS!!! Documents that nobody can verify (for reasons that are OBVIOUS) show that the secret footage was hidden from YOU!!! The fact that this is not on the news proves EVERYTHING!!!,health,06-Mar-19,FAKE
SHOCKING!!! the election secret plan EXPOSED - what they don't want you to know!!!,The mainstream media will NEVER show you this about the election - 100% guaranteed!!! Anonymous sources claim that the secret footage proves the entire thing was staged from the beginning!!! SHARE THIS before it gets taken down!!! WAKE UP!!!,politics,18-Nov-19,FAKE
Officials review health figures in vaccine programme records,The ministry announced on 16-Jul-21 that health statistics had been verified by an independent auditor. Independent observers who reviewed the materials in vaccine programme described the process as routine and orderly. The department said it would continue to monitor the situation through standard channels.,world,23-Sep-20,REAL
Officials review government figures in ministry records,"Analysts said on 10-Nov-20 that government indicators remained within the expected range, citing official records. Independent observers who reviewed the materials in ministry described the process as routine and orderly. Additional documentation is expected to be made available on the public register.",world,19-Nov-20,REAL
Officials review government figures in ministry records,The ministry announced on 17-Jan-21 that government statistics had been verified by an independent auditor. A spokesperson said the findings in ministry were based on filings submitted under existing disclosure rules. No unusual activity was reported in connection with the matter.,technology,29-Apr-19,REAL
MIRACLE cure for the election discovered - doctors HATE this one trick!!!,WAKE UP people!!! the election is a total LIE and we have PROOF!!! Everyone is talking about how the secret footage was secretly changed overnight and NOBODY is asking questions!!! If you believe the official story you are being DECEIVED!!! Wake up sheeple!!!,conspiracies,07-Feb-20,FAKE
MIRACLE cure for the media discovered - doctors HATE this one trick!!!,Shocking new evidence about the media has just leaked and they are trying to BAN this article!!! Anonymous sources claim that the banned report proves the entire thing was staged from the beginning!!! The fact that this is not on the news proves EVERYTHING!!!,entertainment,03-Jul-19,FAKE
Officials review technology figures in research records,"According to a statement issued on 11-Jan-21, the department reviewed technology data for the quarter. Independent observers who reviewed the materials in research described the process as routine and orderly. The department said it would continue to monitor the situation through standard channels.",health,10-Nov-20,REAL
Officials review health figures in public health records,The ministry announced on 21-May-21 that health statistics had been verified by an independent auditor. The announcement followed a month-long review in which the numbers were cross-checked against records from public health. The office declined to comment beyond the prepared statement.,sports,20-Aug-20,REAL
BREAKING: the media scandal destroys everything - share before it's deleted!!!,The mainstream media will NEVER show you this about the media - 100% guaranteed!!! Everyone is talking about how the secret footage was secretly changed overnight and NOBODY is asking questions!!! SHARE THIS before it gets taken down!!! WAKE UP!!!,entertainment,14-Mar-20,FAKE
Economy update issued after trade review,Officials confirmed on 14-Feb-19 that economy figures were released following a routine review. A spokesperson said the findings in trade were based on filings submitted under existing disclosure rules. The office declined to comment beyond the prepared statement.,business,14-Apr-20,REAL
Health update issued after clinic review,The ministry announced on 31-Jan-20 that health statistics had been verified by an independent auditor. A spokesperson said the findings in clinic were based on filings submitted under existing disclosure rules. The office declined to comment beyond the prepared statement.,world,29-May-20,REAL
Officials review diplomatic figures in border talks records,"According to a statement issued on 13-Aug-19, the department reviewed diplomatic data for the quarter. A spokesperson said the findings in border talks were based on filings submitted under existing disclosure rules. The office declined to comment beyond the prepared statement.",politics,31-May-21,REAL
SHOCKING!!! vaccines secret plan EXPOSED - what they don't want you to know!!!,WAKE UP people!!! vaccines is a total LIE and we have PROOF!!! Everyone is talking about how the deleted files was secretly changed overnight and NOBODY is asking questions!!! SHARE THIS before it gets taken down!!! WAKE UP!!!,world,23-Feb-19,FAKE
Economy update issued after inflation review,"According to a statement issued on 04-Jan-20, the department reviewed economy data for the quarter. Researchers noted that the results, published in inflation, are consistent with data collected over the previous year. The office declined to comment beyond the prepared statement.",politics,21-May-21,REAL
MIRACLE cure for the media discovered - doctors HATE this one trick!!!,Insiders whispered the TRUTH about the media and it is worse than you could ever imagine!!! Everyone is talking about how the banned report was secretly changed overnight and NOBODY is asking questions!!! The fact that this is not on the news proves EVERYTHING!!!,politics,08-Dec-19,FAKE
Officials review diplomatic figures in summit records,"The ministry announced on 29-Aug-21 that diplomatic statistics had been verified by an independent auditor. Researchers noted that the results, published in summit, are consistent with data collected over the previous year. Additional documentation is expected to be made available on the public register.",politics,10-Aug-20,REAL
"BOMBSHELL: the election conspiracy finally uncovered, mainstream media silent!!!",This one weird trick about the election changed everything and experts are FURIOUS!!! They deleted the evidence about the leaked memo but we saved it - share this before it disappears!!! If you believe the official story you are being DECEIVED!!! Wake up sheeple!!!,health,01-Apr-20,FAKE
Officials review technology figures in engineering records,"Analysts said on 01-Jun-21 that technology indicators remained within the expected range, citing official records. The announcement followed a month-long review in which the numbers were cross-checked against records from engineering. The office declined to comment beyond the prepared statement.",politics,27-Jan-20,REAL
Officials review health figures in clinic records,The ministry announced on 01-Mar-20 that health statistics had been verified by an independent auditor. The announcement followed a month-long review in which the numbers were cross-checked against records from clinic. Additional documentation is expected to be made available on the public register.,sports,19-Sep-19,REAL
Economy update issued after markets review,"According to a statement issued on 12-May-21, the department reviewed economy data for the quarter. The agency stated that further updates concerning markets would be provided during the next scheduled briefing. No unusual activity was reported in connection with the matter.",politics,11-May-20,REAL
SHOCKING!!! the election secret plan EXPOSED - what they don't want you to know!!!,This one weird trick about the election changed everything and experts are FURIOUS!!! A former employee who wants to stay completely anonymous said the truth about the secret footage is UNBELIEVABLE!!! If you believe the official story you are being DECEIVED!!! Wake up sheeple!!!,health,22-Jun-21,FAKE
SHOCKING!!! vaccines secret plan EXPOSED - what they don't want you to know!!!,Shocking new evidence about vaccines has just leaked and they are trying to BAN this article!!! They deleted the evidence about the deleted files but we saved it - share this before it disappears!!! The fact that this is not on the news proves EVERYTHING!!!,world,20-Sep-20,FAKE
Diplomatic update issued after summit review,"A report published on 03-Jul-20 describes how diplomatic developments were documented by the agency. Researchers noted that the results, published in summit, are consistent with data collected over the previous year. The office declined to comment beyond the prepared statement.",sports,28-Nov-20,REAL
Economy update issued after employment review,The ministry announced on 23-Sep-19 that economy statistics had been verified by an independent auditor. A spokesperson said the findings in employment were based on filings submitted under existing disclosure rules. Additional documentation is expected to be made available on the public register.,health,11-May-20,REAL
SHOCKING!!! vaccines secret plan EXPOSED - what they don't want you to know!!!,Shocking new evidence about vaccines has just leaked and they are trying to BAN this article!!! A former employee who wants to stay completely anonymous said the truth about the leaked memo is UNBELIEVABLE!!! The fact that this is not on the news proves EVERYTHING!!!,conspiracies,09-Sep-21,FAKE
You won't BELIEVE what insiders revealed about vaccines - banned truth!!!,Shocking new evidence about vaccines has just leaked and they are trying to BAN this article!!! Documents that nobody can verify (for reasons that are OBVIOUS) show that the deleted files was hidden from YOU!!! SHARE THIS before it gets taken down!!! WAKE UP!!!,politics,01-Jun-21,FAKE
MIRACLE cure for 5G networks discovered - doctors HATE this one trick!!!,The mainstream media will NEVER show you this about 5G networks - 100% guaranteed!!! Everyone is talking about how the deleted files was secretly changed overnight and NOBODY is asking questions!!! SHARE THIS before it gets taken down!!! WAKE UP!!!,conspiracies,06-Sep-20,FAKE
Technology update issued after semiconductors review,"According to a statement issued on 08-Jul-21, the department reviewed technology data for the quarter. A spokesperson said the findings in semiconductors were based on filings submitted under existing disclosure rules. Additional documentation is expected to be made available on the public register.",politics,21-Jun-19,REAL
Diplomatic update issued after diplomacy review,Officials confirmed on 29-Oct-20 that diplomatic figures were released following a routine review. Independent observers who reviewed the materials in diplomacy described the process as routine and orderly. No unusual activity was reported in connection with the matter.,world,20-Jun-19,REAL
Economy update issued after employment review,"According to a statement issued on 15-Apr-20, the department reviewed economy data for the quarter. Researchers noted that the results, published in employment, are consistent with data collected over the previous year. No unusual activity was reported in connection with the matter.",technology,11-Jul-21,REAL
BREAKING: 5G networks scandal destroys everything - share before it's deleted!!!,Insiders whispered the TRUTH about 5G networks and it is worse than you could ever imagine!!! Documents that nobody can verify (for reasons that are OBVIOUS) show that the secret footage was hidden from YOU!!! SHARE THIS before it gets taken down!!! WAKE UP!!!,conspiracies,21-Sep-20,FAKE
Diplomatic update issued after diplomacy review,Officials confirmed on 18-Jan-21 that diplomatic figures were released following a routine review. The agency stated that further updates concerning diplomacy would be provided during the next scheduled briefing. Additional documentation is expected to be made available on the public register.,health,12-Feb-20,REAL
Officials review health figures in hospital records,"According to a statement issued on 22-Feb-21, the department reviewed health data for the quarter. The agency stated that further updates concerning hospital would be provided during the next scheduled briefing. The office declined to comment beyond the prepared statement.",sports,01-Feb-19,REAL
Officials review technology figures in semiconductors records,"According to a statement issued on 27-Aug-21, the department reviewed technology data for the quarter. The announcement followed a month-long review in which the numbers were cross-checked against records from semiconductors. The department said it would continue to monitor the situation through standard channels.",technology,07-Jun-21,REAL
MIRACLE cure for vaccines discovered - doctors HATE this one trick!!!,WAKE UP people!!! vaccines is a total LIE and we have PROOF!!! Documents that nobody can verify (for reasons that are OBVIOUS) show that the leaked memo was hidden from YOU!!! If you believe the official story you are being DECEIVED!!! Wake up sheeple!!!,entertainment,22-Jun-21,FAKE
MIRACLE cure for vaccines discovered - doctors HATE this one trick!!!,WAKE UP people!!! vaccines is a total LIE and we have PROOF!!! Anonymous sources claim that the leaked memo proves the entire thing was staged from the beginning!!! SHARE THIS before it gets taken down!!! WAKE UP!!!,world,06-Aug-21,FAKE
SHOCKING!!! 5G networks secret plan EXPOSED - what they don't want you to know!!!,The mainstream media will NEVER show you this about 5G networks - 100% guaranteed!!! Everyone is talking about how the leaked memo was secretly changed overnight and NOBODY is asking questions!!! Comment your reaction NOW and tag everyone you know!!!,entertainment,15-Jul-19,FAKE
"BOMBSHELL: 5G networks conspiracy finally uncovered, mainstream media silent!!!",The mainstream media will NEVER show you this about 5G networks - 100% guaranteed!!! Documents that nobody can verify (for reasons that are OBVIOUS) show that the leaked memo was hidden from YOU!!! The fact that this is not on the news proves EVERYTHING!!!,entertainment,31-Jan-20,FAKE
SHOCKING!!! the media secret plan EXPOSED - what they don't want you to know!!!,WAKE UP people!!! the media is a total LIE and we have PROOF!!! Everyone is talking about how the deleted files was secretly changed overnight and NOBODY is asking questions!!! Comment your reaction NOW and tag everyone you know!!!,world,01-Jan-19,FAKE
"BOMBSHELL: the media conspiracy finally uncovered, mainstream media silent!!!",The mainstream media will NEVER show you this about the media - 100% guaranteed!!! Documents that nobody can verify (for reasons that are OBVIOUS) show that the deleted files was hidden from YOU!!! The fact that this is not on the news proves EVERYTHING!!!,politics,11-Jan-19,FAKE
You won't BELIEVE what insiders revealed about vaccines - banned truth!!!,Insiders whispered the TRUTH about vaccines and it is worse than you could ever imagine!!! They deleted the evidence about the secret footage but we saved it - share this before it disappears!!! SHARE THIS before it gets taken down!!! WAKE UP!!!,politics,08-Jun-21,FAKE
You won't BELIEVE what insiders revealed about 5G networks - banned truth!!!,Insiders whispered the TRUTH about 5G networks and it is worse than you could ever imagine!!! They deleted the evidence about the secret footage but we saved it - share this before it disappears!!! If you believe the official story you are being DECEIVED!!! Wake up sheeple!!!,world,04-Jul-20,FAKE
MIRACLE cure for 5G networks discovered - doctors HATE this one trick!!!,Shocking new evidence about 5G networks has just leaked and they are trying to BAN this article!!! Anonymous sources claim that the secret footage proves the entire thing was staged from the beginning!!! If you believe the official story you are being DECEIVED!!! Wake up sheeple!!!,world,29-Jan-19,FAKE
"BOMBSHELL: the media conspiracy finally uncovered, mainstream media silent!!!",The mainstream media will NEVER show you this about the media - 100% guaranteed!!! Anonymous sources claim that the banned report proves the entire thing was staged from the beginning!!! If you believe the official story you are being DECEIVED!!! Wake up sheeple!!!,health,28-Aug-19,FAKE
Government update issued after legislation review,"Officials confirmed on 03-Jan-20 that government figures were released following a routine review. Researchers noted that the results, published in legislation, are consistent with data collected over the previous year. Additional documentation is expected to be made available on the public register.",sports,15-Apr-20,REAL
Officials review health figures in vaccine programme records,Officials confirmed on 02-Nov-20 that health figures were released following a routine review. The agency stated that further updates concerning vaccine programme would be provided during the next scheduled briefing. Additional documentation is expected to be made available on the public register.,technology,19-Feb-20,REAL
Technology update issued after semiconductors review,"According to a statement issued on 16-Jun-19, the department reviewed technology data for the quarter. Independent observers who reviewed the materials in semiconductors described the process as routine and orderly. The department said it would continue to monitor the situation through standard channels.",technology,24-Nov-20,REAL
Health update issued after clinic review,"Analysts said on 20-May-19 that health indicators remained within the expected range, citing official records. Researchers noted that the results, published in clinic, are consistent with data collected over the previous year. Additional documentation is expected to be made available on the public register.",sports,25-Jul-19,REAL
You won't BELIEVE what insiders revealed about the election - banned truth!!!,The mainstream media will NEVER show you this about the election - 100% guaranteed!!! A former employee who wants to stay completely anonymous said the truth about the banned report is UNBELIEVABLE!!! Comment your reaction NOW and tag everyone you know!!!,conspiracies,04-Apr-21,FAKE
You won't BELIEVE what insiders revealed about vaccines - banned truth!!!,WAKE UP people!!! vaccines is a total LIE and we have PROOF!!! Everyone is talking about how the secret footage was secretly changed overnight and NOBODY is asking questions!!! SHARE THIS before it gets taken down!!! WAKE UP!!!,politics,20-Jan-19,FAKE
Officials review health figures in clinic records,A report published on 30-Jul-19 describes how health developments were documented by the agency. The announcement followed a month-long review in which the numbers were cross-checked against records from clinic. Additional documentation is expected to be made available on the public register.,politics,09-Nov-20,REAL
Officials review economy figures in employment records,"According to a statement issued on 18-Sep-20, the department reviewed economy data for the quarter. The announcement followed a month-long review in which the numbers were cross-checked against records from employment. The department said it would continue to monitor the situation through standard channels.",technology,26-Apr-19,REAL
BREAKING: the media scandal destroys everything - share before it's deleted!!!,The mainstream media will NEVER show you this about the media - 100% guaranteed!!! Everyone is talking about how the banned report was secretly changed overnight and NOBODY is asking questions!!! The fact that this is not on the news proves EVERYTHING!!!,politics,16-May-21,FAKE
Officials review diplomatic figures in diplomacy records,"According to a statement issued on 29-May-21, the department reviewed diplomatic data for the quarter. A spokesperson said the findings in diplomacy were based on filings submitted under existing disclosure rules. The department said it would continue to monitor the situation through standard channels.",sports,20-Mar-19,REAL
BREAKING: 5G networks scandal destroys everything - share before it's deleted!!!,This one weird trick about 5G networks changed everything and experts are FURIOUS!!! They deleted the evidence about the secret footage but we saved it - share this before it disappears!!! If you believe the official story you are being DECEIVED!!! Wake up sheeple!!!,entertainment,30-Dec-19,FAKE
Officials review government figures in budget records,A report published on 04-Nov-19 describes how government developments were documented by the agency. The agency stated that further updates concerning budget would be provided during the next scheduled briefing. Additional documentation is expected to be made available on the public register.,technology,11-Sep-20,REAL
Health update issued after clinic review,The ministry announced on 28-Mar-20 that health statistics had been verified by an independent auditor. A spokesperson said the findings in clinic were based on filings submitted under existing disclosure rules. The office declined to comment beyond the prepared statement.,sports,23-Jun-19,REAL
Officials review economy figures in inflation records,"According to a statement issued on 06-May-19, the department reviewed economy data for the quarter. The announcement followed a month-long review in which the numbers were cross-checked against records from inflation. The office declined to comment beyond the prepared statement.",health,19-Mar-20,REAL
Economy update issued after employment review,"According to a statement issued on 07-Jan-21, the department reviewed economy data for the quarter. The announcement followed a month-long review in which the numbers were cross-checked against records from employment. The office declined to comment beyond the prepared statement.",technology,04-Aug-19,REAL
MIRACLE cure for vaccines discovered - doctors HATE this one trick!!!,The mainstream media will NEVER show you this about vaccines - 100% guaranteed!!! Everyone is talking about how the secret footage was secretly changed overnight and NOBODY is asking questions!!! If you believe the official story you are being DECEIVED!!! Wake up sheeple!!!,health,13-Jan-21,FAKE
BREAKING: the media scandal destroys everything - share before it's deleted!!!,Insiders whispered the TRUTH about the media and it is worse than you could ever imagine!!! Documents that nobody can verify (for reasons that are OBVIOUS) show that the deleted files was hidden from YOU!!! SHARE THIS before it gets taken down!!! WAKE UP!!!,entertainment,24-Jun-19,FAKE
Technology update issued after software review,"Analysts said on 09-Apr-19 that technology indicators remained within the expected range, citing official records. A spokesperson said the findings in software were based on filings submitted under existing disclosure rules. The office declined to comment beyond the prepared statement.",health,09-Feb-19,REAL
BREAKING: the media scandal destroys everything - share before it's deleted!!!,The mainstream media will NEVER show you this about the media - 100% guaranteed!!! They deleted the evidence about the deleted files but we saved it - share this before it disappears!!! If you believe the official story you are being DECEIVED!!! Wake up sheeple!!!,health,05-Jun-20,FAKE
Government update issued after legislation review,The ministry announced on 20-Aug-21 that government statistics had been verified by an independent auditor. Independent observers who reviewed the materials in legislation described the process as routine and orderly. No unusual activity was reported in connection with the matter.,technology,31-May-21,REAL
"BOMBSHELL: the election conspiracy finally uncovered, mainstream media silent!!!",Insiders whispered the TRUTH about the election and it is worse than you could ever imagine!!! A former employee who wants to stay completely anonymous said the truth about the deleted files is UNBELIEVABLE!!! Comment your reaction NOW and tag everyone you know!!!,world,21-Aug-21,FAKE
You won't BELIEVE what insiders revealed about the media - banned truth!!!,Shocking new evidence about the media has just leaked and they are trying to BAN this article!!! Anonymous sources claim that the leaked memo proves the entire thing was staged from the beginning!!! If you believe the official story you are being DECEIVED!!! Wake up sheeple!!!,world,06-Feb-19,FAKE
BREAKING: the election scandal destroys everything - share before it's deleted!!!,WAKE UP people!!! the election is a total LIE and we have PROOF!!! Anonymous sources claim that the banned report proves the entire thing was staged from the beginning!!! Comment your reaction NOW and tag everyone you know!!!,health,29-Apr-19,FAKE
Officials review diplomatic figures in diplomacy records,The ministry announced on 10-Jul-21 that diplomatic statistics had been verified by an independent auditor. Independent observers who reviewed the materials in diplomacy described the process as routine and orderly. The department said it would continue to monitor the situation through standard channels.,sports,22-Mar-20,REAL
MIRACLE cure for 5G networks discovered - doctors HATE this one trick!!!,Insiders whispered the TRUTH about 5G networks and it is worse than you could ever imagine!!! Documents that nobody can verify (for reasons that are OBVIOUS) show that the leaked memo was hidden from YOU!!! If you believe the official story you are being DECEIVED!!! Wake up sheeple!!!,world,15-Mar-21,FAKE
You won't BELIEVE what insiders revealed about the media - banned truth!!!,This one weird trick about the media changed everything and experts are FURIOUS!!! A former employee who wants to stay completely anonymous said the truth about the leaked memo is UNBELIEVABLE!!! The fact that this is not on the news proves EVERYTHING!!!,world,17-Sep-20,FAKE
Diplomatic update issued after border talks review,A report published on 12-Sep-21 describes how diplomatic developments were documented by the agency. A spokesperson said the findings in border talks were based on filings submitted under existing disclosure rules. Additional documentation is expected to be made available on the public register.,sports,17-Nov-19,REAL
Health update issued after vaccine programme review,"Officials confirmed on 28-Mar-20 that health figures were released following a routine review. Researchers noted that the results, published in vaccine programme, are consistent with data collected over the previous year. Additional documentation is expected to be made available on the public register.",technology,07-Dec-20,REAL
MIRACLE cure for the media discovered - doctors HATE this one trick!!!,Insiders whispered the TRUTH about the media and it is worse than you could ever imagine!!! Documents that nobody can verify (for reasons that are OBVIOUS) show that the deleted files was hidden from YOU!!! The fact that this is not on the news proves EVERYTHING!!!,politics,23-Oct-19,FAKE
MIRACLE cure for the election discovered - doctors HATE this one trick!!!,The mainstream media will NEVER show you this about the election - 100% guaranteed!!! They deleted the evidence about the leaked memo but we saved it - share this before it disappears!!! The fact that this is not on the news proves EVERYTHING!!!,conspiracies,21-Jan-21,FAKE
Health update issued after vaccine programme review,Officials confirmed on 10-Mar-21 that health figures were released following a routine review. The announcement followed a month-long review in which the numbers were cross-checked against records from vaccine programme. No unusual activity was reported in connection with the matter.,world,09-May-21,REAL
Officials review health figures in clinic records,"According to a statement issued on 09-Aug-21, the department reviewed health data for the quarter. The announcement followed a month-long review in which the numbers were cross-checked against records from clinic. No unusual activity was reported in connection with the matter.",health,13-Apr-19,REAL
BREAKING: 5G networks scandal destroys everything - share before it's deleted!!!,Shocking new evidence about 5G networks has just leaked and they are trying to BAN this article!!! Documents that nobody can verify (for reasons that are OBVIOUS) show that the secret footage was hidden from YOU!!! SHARE THIS before it gets taken down!!! WAKE UP!!!,entertainment,23-Mar-19,FAKE
You won't BELIEVE what insiders revealed about the election - banned truth!!!,Insiders whispered the TRUTH about the election and it is worse than you could ever imagine!!! A former employee who wants to stay completely anonymous said the truth about the leaked memo is UNBELIEVABLE!!! The fact that this is not on the news proves EVERYTHING!!!,world,25-Sep-20,FAKE
You won't BELIEVE what insiders revealed about 5G networks - banned truth!!!,This one weird trick about 5G networks changed everything and experts are FURIOUS!!! They deleted the evidence about the banned report but we saved it - share this before it disappears!!! SHARE THIS before it gets taken down!!! WAKE UP!!!,politics,06-Aug-21,FAKE
Health update issued after vaccine programme review,Officials confirmed on 27-Dec-19 that health figures were released following a routine review. Independent observers who reviewed the materials in vaccine programme described the process as routine and orderly. Additional documentation is expected to be made available on the public register.,world,30-Apr-21,REAL
Officials review economy figures in trade records,"According to a statement issued on 07-Sep-21, the department reviewed economy data for the quarter. The announcement followed a month-long review in which the numbers were cross-checked against records from trade. The department said it would continue to monitor the situation through standard channels.",politics,09-Aug-20,REAL
Health update issued after public health review,"According to a statement issued on 20-Jun-21, the department reviewed health data for the quarter. Independent observers who reviewed the materials in public health described the process as routine and orderly. Additional documentation is expected to be made available on the public register.",health,28-Aug-21,REAL
Economy update issued after employment review,Officials confirmed on 26-May-19 that economy figures were released following a routine review. The announcement followed a month-long review in which the numbers were cross-checked against records from employment. No unusual activity was reported in connection with the matter.,world,21-Jan-20,REAL
MIRACLE cure for 5G networks discovered - doctors HATE this one trick!!!,This one weird trick about 5G networks changed everything and experts are FURIOUS!!! They deleted the evidence about the leaked memo but we saved it - share this before it disappears!!! Comment your reaction NOW and tag everyone you know!!!,health,27-Sep-20,FAKE
Officials review government figures in ministry records,"A report published on 25-Aug-20 describes how government developments were documented by the agency. Researchers noted that the results, published in ministry, are consistent with data collected over the previous year. No unusual activity was reported in connection with the matter.",politics,10-May-19,REAL
Officials review diplomatic figures in summit records,"According to a statement issued on 26-Jan-19, the department reviewed diplomatic data for the quarter. The agency stated that further updates concerning summit would be provided during the next scheduled briefing. No unusual activity was reported in connection with the matter.",politics,29-Apr-19,REAL
Officials review diplomatic figures in border talks records,A report published on 24-Feb-19 describes how diplomatic developments were documented by the agency. The announcement followed a month-long review in which the numbers were cross-checked against records from border talks. Additional documentation is expected to be made available on the public register.,world,24-Feb-20,REAL
Health update issued after hospital review,"The ministry announced on 12-May-19 that health statistics had been verified by an independent auditor. Researchers noted that the results, published in hospital, are consistent with data collected over the previous year. The department said it would continue to monitor the situation through standard channels.",business,01-Nov-20,REAL
MIRACLE cure for 5G networks discovered - doctors HATE this one trick!!!,This one weird trick about 5G networks changed everything and experts are FURIOUS!!! Anonymous sources claim that the deleted files proves the entire thing was staged from the beginning!!! SHARE THIS before it gets taken down!!! WAKE UP!!!,conspiracies,01-Feb-19,FAKE
"BOMBSHELL: vaccines conspiracy finally uncovered, mainstream media silent!!!",WAKE UP people!!! vaccines is a total LIE and we have PROOF!!! Documents that nobody can verify (for reasons that are OBVIOUS) show that the leaked memo was hidden from YOU!!! SHARE THIS before it gets taken down!!! WAKE UP!!!,conspiracies,08-May-21,FAKE
Officials review economy figures in markets records,"According to a statement issued on 07-Nov-20, the department reviewed economy data for the quarter. The announcement followed a month-long review in which the numbers were cross-checked against records from markets. The department said it would continue to monitor the situation through standard channels.",health,18-Mar-19,REAL
You won't BELIEVE what insiders revealed about vaccines - banned truth!!!,Shocking new evidence about vaccines has just leaked and they are trying to BAN this article!!! They deleted the evidence about the deleted files but we saved it - share this before it disappears!!! SHARE THIS before it gets taken down!!! WAKE UP!!!,entertainment,02-Mar-20,FAKE
SHOCKING!!! the government secret plan EXPOSED - what they don't want you to know!!!,Insiders whispered the TRUTH about the government and it is worse than you could ever imagine!!! Everyone is talking about how the deleted files was secretly changed overnight and NOBODY is asking questions!!! If you believe the official story you are being DECEIVED!!! Wake up sheeple!!!,health,25-Jan-19,FAKE
Health update issued after clinic review,"Analysts said on 22-Jun-21 that health indicators remained within the expected range, citing official records. The agency stated that further updates concerning clinic would be provided during the next scheduled briefing. Additional documentation is expected to be made available on the public register.",politics,17-Mar-20,REAL
"BOMBSHELL: vaccines conspiracy finally uncovered, mainstream media silent!!!",WAKE UP people!!! vaccines is a total LIE and we have PROOF!!! A former employee who wants to stay completely anonymous said the truth about the deleted files is UNBELIEVABLE!!! SHARE THIS before it gets taken down!!! WAKE UP!!!,conspiracies,18-Oct-20,FAKE
BREAKING: 5G networks scandal destroys everything - share before it's deleted!!!,This one weird trick about 5G networks changed everything and experts are FURIOUS!!! Anonymous sources claim that the secret footage proves the entire thing was staged from the beginning!!! SHARE THIS before it gets taken down!!! WAKE UP!!!,conspiracies,20-Feb-21,FAKE
MIRACLE cure for the election discovered - doctors HATE this one trick!!!,Insiders whispered the TRUTH about the election and it is worse than you could ever imagine!!! Documents that nobody can verify (for reasons that are OBVIOUS) show that the banned report was hidden from YOU!!! SHARE THIS before it gets taken down!!! WAKE UP!!!,health,16-Jun-21,FAKE
"BOMBSHELL: vaccines conspiracy finally uncovered, mainstream media silent!!!",Insiders whispered the TRUTH about vaccines and it is worse than you could ever imagine!!! Documents that nobody can verify (for reasons that are OBVIOUS) show that the leaked memo was hidden from YOU!!! Comment your reaction NOW and tag everyone you know!!!,health,06-Jul-20,FAKE
MIRACLE cure for 5G networks discovered - doctors HATE this one trick!!!,Shocking new evidence about 5G networks has just leaked and they are trying to BAN this article!!! Documents that nobody can verify (for reasons that are OBVIOUS) show that the leaked memo was hidden from YOU!!! Comment your reaction NOW and tag everyone you know!!!,entertainment,02-Sep-19,FAKE
"BOMBSHELL: the government conspiracy finally uncovered, mainstream media silent!!!",The mainstream media will NEVER show you this about the government - 100% guaranteed!!! A former employee who wants to stay completely anonymous said the truth about the banned report is UNBELIEVABLE!!! SHARE THIS before it gets taken down!!! WAKE UP!!!,entertainment,26-Oct-19,FAKE
"BOMBSHELL: vaccines conspiracy finally uncovered, mainstream media silent!!!",Insiders whispered the TRUTH about vaccines and it is worse than you could ever imagine!!! Documents that nobody can verify (for reasons that are OBVIOUS) show that the leaked memo was hidden from YOU!!! Comment your reaction NOW and tag everyone you know!!!,entertainment,28-May-21,FAKE
"BOMBSHELL: the media conspiracy finally uncovered, mainstream media silent!!!",The mainstream media will NEVER show you this about the media - 100% guaranteed!!! A former employee who wants to stay completely anonymous said the truth about the banned report is UNBELIEVABLE!!! Comment your reaction NOW and tag everyone you know!!!,conspiracies,29-Apr-21,FAKE
BREAKING: the media scandal destroys everything - share before it's deleted!!!,WAKE UP people!!! the media is a total LIE and we have PROOF!!! A former employee who wants to stay completely anonymous said the truth about the secret footage is UNBELIEVABLE!!! Comment your reaction NOW and tag everyone you know!!!,politics,06-Oct-19,FAKE
Officials review economy figures in employment records,A report published on 18-Mar-19 describes how economy developments were documented by the agency. The agency stated that further updates concerning employment would be provided during the next scheduled briefing. Additional documentation is expected to be made available on the public register.,sports,12-Feb-20,REAL
Officials review economy figures in employment records,"According to a statement issued on 09-Apr-20, the department reviewed economy data for the quarter. The announcement followed a month-long review in which the numbers were cross-checked against records from employment. No unusual activity was reported in connection with the matter.",technology,10-May-20,REAL
SHOCKING!!! the government secret plan EXPOSED - what they don't want you to know!!!,The mainstream media will NEVER show you this about the government - 100% guaranteed!!! A former employee who wants to stay completely anonymous said the truth about the deleted files is UNBELIEVABLE!!! If you believe the official story you are being DECEIVED!!! Wake up sheeple!!!,world,15-Sep-21,FAKE
SHOCKING!!! the media secret plan EXPOSED - what they don't want you to know!!!,The mainstream media will NEVER show you this about the media - 100% guaranteed!!! Anonymous sources claim that the leaked memo proves the entire thing was staged from the beginning!!! Comment your reaction NOW and tag everyone you know!!!,health,17-Apr-20,FAKE
SHOCKING!!! the media secret plan EXPOSED - what they don't want you to know!!!,Insiders whispered the TRUTH about the media and it is worse than you could ever imagine!!! They deleted the evidence about the leaked memo but we saved it - share this before it disappears!!! Comment your reaction NOW and tag everyone you know!!!,politics,19-Jun-20,FAKE
Government update issued after legislation review,Officials confirmed on 06-Dec-19 that government figures were released following a routine review. Independent observers who reviewed the materials in legislation described the process as routine and orderly. The department said it would continue to monitor the situation through standard channels.,business,04-Jan-21,REAL
Officials review technology figures in research records,A report published on 14-Sep-21 describes how technology developments were documented by the agency. The agency stated that further updates concerning research would be provided during the next scheduled briefing. Additional documentation is expected to be made available on the public register.,sports,10-Oct-20,REAL
MIRACLE cure for the government discovered - doctors HATE this one trick!!!,WAKE UP people!!! the government is a total LIE and we have PROOF!!! They deleted the evidence about the leaked memo but we saved it - share this before it disappears!!! SHARE THIS before it gets taken down!!! WAKE UP!!!,health,26-Dec-19,FAKE
Officials review health figures in vaccine programme records,"Analysts said on 22-Mar-20 that health indicators remained within the expected range, citing official records. The agency stated that further updates concerning vaccine programme would be provided during the next scheduled briefing. No unusual activity was reported in connection with the matter.",technology,08-Dec-19,REAL
Economy update issued after markets review,"The ministry announced on 09-Apr-20 that economy statistics had been verified by an independent auditor. Researchers noted that the results, published in markets, are consistent with data collected over the previous year. The office declined to comment beyond the prepared statement.",sports,08-Jun-19,REAL
Economy update issued after inflation review,"A report published on 08-Aug-21 describes how economy developments were documented by the agency. Researchers noted that the results, published in inflation, are consistent with data collected over the previous year. No unusual activity was reported in connection with the matter.",sports,22-Sep-20,REAL
Technology update issued after engineering review,Officials confirmed on 08-Feb-19 that technology figures were released following a routine review. Independent observers who reviewed the materials in engineering described the process as routine and orderly. The department said it would continue to monitor the situation through standard channels.,politics,02-Jul-21,REAL
Government update issued after parliament review,Officials confirmed on 29-Aug-21 that government figures were released following a routine review. Independent observers who reviewed the materials in parliament described the process as routine and orderly. Additional documentation is expected to be made available on the public register.,health,02-Mar-20,REAL
Health update issued after vaccine programme review,A report published on 16-Jan-21 describes how health developments were documented by the agency. The announcement followed a month-long review in which the numbers were cross-checked against records from vaccine programme. The office declined to comment beyond the prepared statement.,health,03-Feb-19,REAL
You won't BELIEVE what insiders revealed about the media - banned truth!!!,This one weird trick about the media changed everything and experts are FURIOUS!!! They deleted the evidence about the deleted files but we saved it - share this before it disappears!!! SHARE THIS before it gets taken down!!! WAKE UP!!!,world,01-Aug-19,FAKE
Economy update issued after inflation review,"Officials confirmed on 24-Jul-19 that economy figures were released following a routine review. Researchers noted that the results, published in inflation, are consistent with data collected over the previous year. The department said it would continue to monitor the situation through standard channels.",sports,14-Sep-19,REAL
Officials review health figures in vaccine programme records,"According to a statement issued on 21-Dec-20, the department reviewed health data for the quarter. The agency stated that further updates concerning vaccine programme would be provided during the next scheduled briefing. Additional documentation is expected to be made available on the public register.",health,23-May-20,REAL
Officials review diplomatic figures in summit records,"Analysts said on 28-Jan-19 that diplomatic indicators remained within the expected range, citing official records. The agency stated that further updates concerning summit would be provided during the next scheduled briefing. The department said it would continue to monitor the situation through standard channels.",business,01-May-21,REAL
Diplomatic update issued after diplomacy review,The ministry announced on 29-Jun-21 that diplomatic statistics had been verified by an independent auditor. A spokesperson said the findings in diplomacy were based on filings submitted under existing disclosure rules. No unusual activity was reported in connection with the matter.,technology,26-Jun-20,REAL
Health update issued after clinic review,"Analysts said on 15-Apr-19 that health indicators remained within the expected range, citing official records. The announcement followed a month-long review in which the numbers were cross-checked against records from clinic. Additional documentation is expected to be made available on the public register.",health,15-Sep-20,REAL
Government update issued after ministry review,Officials confirmed on 24-Nov-20 that government figures were released following a routine review. A spokesperson said the findings in ministry were based on filings submitted under existing disclosure rules. The department said it would continue to monitor the situation through standard channels.,health,13-Jun-19,REAL
Officials review diplomatic figures in treaty records,"Analysts said on 10-Oct-19 that diplomatic indicators remained within the expected range, citing official records. The agency stated that further updates concerning treaty would be provided during the next scheduled briefing. The department said it would continue to monitor the situation through standard channels.",health,09-May-20,REAL
"BOMBSHELL: vaccines conspiracy finally uncovered, mainstream media silent!!!",Insiders whispered the TRUTH about vaccines and it is worse than you could ever imagine!!! A former employee who wants to stay completely anonymous said the truth about the leaked memo is UNBELIEVABLE!!! Comment your reaction NOW and tag everyone you know!!!,world,28-May-20,FAKE
MIRACLE cure for vaccines discovered - doctors HATE this one trick!!!,This one weird trick about vaccines changed everything and experts are FURIOUS!!! Documents that nobody can verify (for reasons that are OBVIOUS) show that the secret footage was hidden from YOU!!! SHARE THIS before it gets taken down!!! WAKE UP!!!,entertainment,27-Feb-21,FAKE
Officials review health figures in clinic records,"Analysts said on 02-Sep-20 that health indicators remained within the expected range, citing official records. Independent observers who reviewed the materials in clinic described the process as routine and orderly. Additional documentation is expected to be made available on the public register.",sports,18-May-19,REAL
"BOMBSHELL: vaccines conspiracy finally uncovered, mainstream media silent!!!",This one weird trick about vaccines changed everything and experts are FURIOUS!!! Documents that nobody can verify (for reasons that are OBVIOUS) show that the deleted files was hidden from YOU!!! The fact that this is not on the news proves EVERYTHING!!!,politics,05-Jul-19,FAKE
MIRACLE cure for the election discovered - doctors HATE this one trick!!!,This one weird trick about the election changed everything and experts are FURIOUS!!! Anonymous sources claim that the deleted files proves the entire thing was staged from the beginning!!! Comment your reaction NOW and tag everyone you know!!!,entertainment,05-Apr-21,FAKE
MIRACLE cure for 5G networks discovered - doctors HATE this one trick!!!,This one weird trick about 5G networks changed everything and experts are FURIOUS!!! Documents that nobody can verify (for reasons that are OBVIOUS) show that the leaked memo was hidden from YOU!!! SHARE THIS before it gets taken down!!! WAKE UP!!!,health,10-Apr-19,FAKE
"BOMBSHELL: the media conspiracy finally uncovered, mainstream media silent!!!",The mainstream media will NEVER show you this about the media - 100% guaranteed!!! A former employee who wants to stay completely anonymous said the truth about the deleted files is UNBELIEVABLE!!! If you believe the official story you are being DECEIVED!!! Wake up sheeple!!!,world,20-Apr-19,FAKE
SHOCKING!!! the government secret plan EXPOSED - what they don't want you to know!!!,Shocking new evidence about the government has just leaked and they are trying to BAN this article!!! They deleted the evidence about the leaked memo but we saved it - share this before it disappears!!! If you believe the official story you are being DECEIVED!!! Wake up sheeple!!!,entertainment,15-Jan-19,FAKE
MIRACLE cure for vaccines discovered - doctors HATE this one trick!!!,Shocking new evidence about vaccines has just leaked and they are trying to BAN this article!!! Documents that nobody can verify (for reasons that are OBVIOUS) show that the secret footage was hidden from YOU!!! The fact that this is not on the news proves EVERYTHING!!!,entertainment,10-May-21,FAKE
BREAKING: the election scandal destroys everything - share before it's deleted!!!,Shocking new evidence about the election has just leaked and they are trying to BAN this article!!! Everyone is talking about how the leaked memo was secretly changed overnight and NOBODY is asking questions!!! The fact that this is not on the news proves EVERYTHING!!!,politics,10-Jan-19,FAKE
"BOMBSHELL: the election conspiracy finally uncovered, mainstream media silent!!!",The mainstream media will NEVER show you this about the election - 100% guaranteed!!! Everyone is talking about how the leaked memo was secretly changed overnight and NOBODY is asking questions!!! SHARE THIS before it gets taken down!!! WAKE UP!!!,entertainment,03-Aug-19,FAKE
MIRACLE cure for the election discovered - doctors HATE this one trick!!!,Insiders whispered the TRUTH about the election and it is worse than you could ever imagine!!! Documents that nobody can verify (for reasons that are OBVIOUS) show that the leaked memo was hidden from YOU!!! If you believe the official story you are being DECEIVED!!! Wake up sheeple!!!,entertainment,03-Nov-19,FAKE
Government update issued after budget review,"According to a statement issued on 16-Feb-19, the department reviewed government data for the quarter. The announcement followed a month-long review in which the numbers were cross-checked against records from budget. Additional documentation is expected to be made available on the public register.",world,15-Oct-20,REAL
BREAKING: 5G networks scandal destroys everything - share before it's deleted!!!,The mainstream media will NEVER show you this about 5G networks - 100% guaranteed!!! Everyone is talking about how the deleted files was secretly changed overnight and NOBODY is asking questions!!! If you believe the official story you are being DECEIVED!!! Wake up sheeple!!!,conspiracies,27-Aug-19,FAKE
Diplomatic update issued after summit review,The ministry announced on 31-Oct-20 that diplomatic statistics had been verified by an independent auditor. The agency stated that further updates concerning summit would be provided during the next scheduled briefing. Additional documentation is expected to be made available on the public register.,politics,13-Jun-20,REAL
SHOCKING!!! the election secret plan EXPOSED - what they don't want you to know!!!,This one weird trick about the election changed everything and experts are FURIOUS!!! Documents that nobody can verify (for reasons that are OBVIOUS) show that the leaked memo was hidden from YOU!!! Comment your reaction NOW and tag everyone you know!!!,entertainment,25-Apr-20,FAKE
Diplomatic update issued after border talks review,"According to a statement issued on 12-Apr-21, the department reviewed diplomatic data for the quarter. A spokesperson said the findings in border talks were based on filings submitted under existing disclosure rules. No unusual activity was reported in connection with the matter.",technology,04-Jun-20,REAL
MIRACLE cure for 5G networks discovered - doctors HATE this one trick!!!,This one weird trick about 5G networks changed everything and experts are FURIOUS!!! Documents that nobody can verify (for reasons that are OBVIOUS) show that the deleted files was hidden from YOU!!! SHARE THIS before it gets taken down!!! WAKE UP!!!,health,27-Sep-19,FAKE
MIRACLE cure for the media discovered - doctors HATE this one trick!!!,This one weird trick about the media changed everything and experts are FURIOUS!!! They deleted the evidence about the deleted files but we saved it - share this before it disappears!!! Comment your reaction NOW and tag everyone you know!!!,politics,14-May-20,FAKE
MIRACLE cure for the government discovered - doctors HATE this one trick!!!,The mainstream media will NEVER show you this about the government - 100% guaranteed!!! A former employee who wants to stay completely anonymous said the truth about the secret footage is UNBELIEVABLE!!! Comment your reaction NOW and tag everyone you know!!!,world,06-Oct-20,FAKE
"BOMBSHELL: vaccines conspiracy finally uncovered, mainstream media silent!!!",Shocking new evidence about vaccines has just leaked and they are trying to BAN this article!!! Anonymous sources claim that the secret footage proves the entire thing was staged from the beginning!!! SHARE THIS before it gets taken down!!! WAKE UP!!!,conspiracies,19-May-21,FAKE
Officials review technology figures in engineering records,The ministry announced on 07-Aug-19 that technology statistics had been verified by an independent auditor. The agency stated that further updates concerning engineering would be provided during the next scheduled briefing. No unusual activity was reported in connection with the matter.,politics,04-Feb-20,REAL
Diplomatic update issued after treaty review,"Analysts said on 12-Sep-20 that diplomatic indicators remained within the expected range, citing official records. A spokesperson said the findings in treaty were based on filings submitted under existing disclosure rules. The office declined to comment beyond the prepared statement.",politics,07-Jun-20,REAL
Officials review government figures in parliament records,"Analysts said on 08-Jan-21 that government indicators remained within the expected range, citing official records. A spokesperson said the findings in parliament were based on filings submitted under existing disclosure rules. The office declined to comment beyond the prepared statement.",world,28-Feb-20,REAL
BREAKING: the media scandal destroys everything - share before it's deleted!!!,This one weird trick about the media changed everything and experts are FURIOUS!!! They deleted the evidence about the deleted files but we saved it - share this before it disappears!!! The fact that this is not on the news proves EVERYTHING!!!,world,01-Jan-21,FAKE
Government update issued after parliament review,"According to a statement issued on 16-Apr-19, the department reviewed government data for the quarter. Independent observers who reviewed the materials in parliament described the process as routine and orderly. Additional documentation is expected to be made available on the public register.",business,15-Aug-20,REAL
Technology update issued after semiconductors review,"According to a statement issued on 21-Sep-20, the department reviewed technology data for the quarter. The agency stated that further updates concerning semiconductors would be provided during the next scheduled briefing. Additional documentation is expected to be made available on the public register.",politics,18-Mar-19,REAL
Officials review technology figures in engineering records,Officials confirmed on 27-May-21 that technology figures were released following a routine review. The agency stated that further updates concerning engineering would be provided during the next scheduled briefing. The office declined to comment beyond the prepared statement.,technology,02-Feb-21,REAL
You won't BELIEVE what insiders revealed about vaccines - banned truth!!!,The mainstream media will NEVER show you this about vaccines - 100% guaranteed!!! Documents that nobody can verify (for reasons that are OBVIOUS) show that the banned report was hidden from YOU!!! SHARE THIS before it gets taken down!!! WAKE UP!!!,entertainment,28-Mar-19,FAKE
MIRACLE cure for 5G networks discovered - doctors HATE this one trick!!!,Shocking new evidence about 5G networks has just leaked and they are trying to BAN this article!!! Everyone is talking about how the deleted files was secretly changed overnight and NOBODY is asking questions!!! Comment your reaction NOW and tag everyone you know!!!,conspiracies,16-Feb-19,FAKE
You won't BELIEVE what insiders revealed about the government - banned truth!!!,Insiders whispered the TRUTH about the government and it is worse than you could ever imagine!!! Anonymous sources claim that the leaked memo proves the entire thing was staged from the beginning!!! The fact that this is not on the news proves EVERYTHING!!!,world,21-Mar-19,FAKE
Government update issued after budget review,The ministry announced on 06-Dec-19 that government statistics had been verified by an independent auditor. Independent observers who reviewed the materials in budget described the process as routine and orderly. The office declined to comment beyond the prepared statement.,business,03-Jan-21,REAL
"BOMBSHELL: the government conspiracy finally uncovered, mainstream media silent!!!",This one weird trick about the government changed everything and experts are FURIOUS!!! A former employee who wants to stay completely anonymous said the truth about the leaked memo is UNBELIEVABLE!!! SHARE THIS before it gets taken down!!! WAKE UP!!!,health,17-Feb-21,FAKE
Economy update issued after trade review,"Analysts said on 22-Jul-20 that economy indicators remained within the expected range, citing official records. The agency stated that further updates concerning trade would be provided during the next scheduled briefing. Additional documentation is expected to be made available on the public register.",health,19-Dec-19,REAL
Technology update issued after semiconductors review,The ministry announced on 01-Aug-21 that technology statistics had been verified by an independent auditor. The announcement followed a month-long review in which the numbers were cross-checked against records from semiconductors. Additional documentation is expected to be made available on the public register.,health,19-Feb-20,REAL
"BOMBSHELL: vaccines conspiracy finally uncovered, mainstream media silent!!!",The mainstream media will NEVER show you this about vaccines - 100% guaranteed!!! Everyone is talking about how the leaked memo was secretly changed overnight and NOBODY is asking questions!!! Comment your reaction NOW and tag everyone you know!!!,conspiracies,15-May-19,FAKE
Government update issued after legislation review,A report published on 08-May-21 describes how government developments were documented by the agency. The announcement followed a month-long review in which the numbers were cross-checked against records from legislation. Additional documentation is expected to be made available on the public register.,health,04-Sep-21,REAL
"BOMBSHELL: 5G networks conspiracy finally uncovered, mainstream media silent!!!",The mainstream media will NEVER show you this about 5G networks - 100% guaranteed!!! Everyone is talking about how the leaked memo was secretly changed overnight and NOBODY is asking questions!!! SHARE THIS before it gets taken down!!! WAKE UP!!!,health,04-Nov-19,FAKE
Government update issued after legislation review,"Officials confirmed on 10-Apr-21 that government figures were released following a routine review. Researchers noted that the results, published in legislation, are consistent with data collected over the previous year. No unusual activity was reported in connection with the matter.",world,10-Feb-19,REAL
BREAKING: the media scandal destroys everything - share before it's deleted!!!,This one weird trick about the media changed everything and experts are FURIOUS!!! Everyone is talking about how the secret footage was secretly changed overnight and NOBODY is asking questions!!! Comment your reaction NOW and tag everyone you know!!!,world,22-May-21,FAKE
"BOMBSHELL: vaccines conspiracy finally uncovered, mainstream media silent!!!",The mainstream media will NEVER show you this about vaccines - 100% guaranteed!!! They deleted the evidence about the secret footage but we saved it - share this before it disappears!!! The fact that this is not on the news proves EVERYTHING!!!,politics,23-Mar-19,FAKE
Government update issued after legislation review,The ministry announced on 26-Jun-21 that government statistics had been verified by an independent auditor. Independent observers who reviewed the materials in legislation described the process as routine and orderly. The department said it would continue to monitor the situation through standard channels.,technology,21-May-20,REAL
Economy update issued after inflation review,The ministry announced on 04-Nov-20 that economy statistics had been verified by an independent auditor. Independent observers who reviewed the materials in inflation described the process as routine and orderly. Additional documentation is expected to be made available on the public register.,technology,04-Mar-20,REAL
"BOMBSHELL: 5G networks conspiracy finally uncovered, mainstream media silent!!!",Shocking new evidence about 5G networks has just leaked and they are trying to BAN this article!!! Anonymous sources claim that the banned report proves the entire thing was staged from the beginning!!! The fact that this is not on the news proves EVERYTHING!!!,entertainment,06-Jul-19,FAKE
Health update issued after clinic review,Officials confirmed on 29-Sep-19 that health figures were released following a routine review. A spokesperson said the findings in clinic were based on filings submitted under existing disclosure rules. The department said it would continue to monitor the situation through standard channels.,business,20-Sep-19,REAL
"BOMBSHELL: the election conspiracy finally uncovered, mainstream media silent!!!",The mainstream media will NEVER show you this about the election - 100% guaranteed!!! A former employee who wants to stay completely anonymous said the truth about the secret footage is UNBELIEVABLE!!! Comment your reaction NOW and tag everyone you know!!!,politics,22-Oct-20,FAKE
Health update issued after vaccine programme review,"Analysts said on 15-Feb-19 that health indicators remained within the expected range, citing official records. Independent observers who reviewed the materials in vaccine programme described the process as routine and orderly. The office declined to comment beyond the prepared statement.",business,15-Sep-21,REAL
"BOMBSHELL: the election conspiracy finally uncovered, mainstream media silent!!!",This one weird trick about the election changed everything and experts are FURIOUS!!! Documents that nobody can verify (for reasons that are OBVIOUS) show that the leaked memo was hidden from YOU!!! The fact that this is not on the news proves EVERYTHING!!!,health,25-Jun-21,FAKE
BREAKING: the media scandal destroys everything - share before it's deleted!!!,WAKE UP people!!! the media is a total LIE and we have PROOF!!! They deleted the evidence about the deleted files but we saved it - share this before it disappears!!! The fact that this is not on the news proves EVERYTHING!!!,world,11-Aug-19,FAKE
Officials review government figures in budget records,Officials confirmed on 15-Nov-19 that government figures were released following a routine review. Independent observers who reviewed the materials in budget described the process as routine and orderly. The office declined to comment beyond the prepared statement.,health,19-Jun-21,REAL
Officials review technology figures in semiconductors records,The ministry announced on 22-Sep-20 that technology statistics had been verified by an independent auditor. The agency stated that further updates concerning semiconductors would be provided during the next scheduled briefing. Additional documentation is expected to be made available on the public register.,business,11-Aug-19,REAL
Officials review technology figures in engineering records,"Analysts said on 04-Feb-21 that technology indicators remained within the expected range, citing official records. Independent observers who reviewed the materials in engineering described the process as routine and orderly. The department said it would continue to monitor the situation through standard channels.",business,22-Mar-20,REAL
You won't BELIEVE what insiders revealed about 5G networks - banned truth!!!,The mainstream media will NEVER show you this about 5G networks - 100% guaranteed!!! Anonymous sources claim that the leaked memo proves the entire thing was staged from the beginning!!! Comment your reaction NOW and tag everyone you know!!!,conspiracies,24-Feb-19,FAKE
Government update issued after budget review,"Analysts said on 10-Aug-19 that government indicators remained within the expected range, citing official records. A spokesperson said the findings in budget were based on filings submitted under existing disclosure rules. Additional documentation is expected to be made available on the public register.",health,03-Jan-19,REAL
Officials review economy figures in markets records,A report published on 24-Oct-20 describes how economy developments were documented by the agency. A spokesperson said the findings in markets were based on filings submitted under existing disclosure rules. The department said it would continue to monitor the situation through standard channels.,technology,09-Jun-20,REAL
Diplomatic update issued after border talks review,A report published on 30-Aug-21 describes how diplomatic developments were documented by the agency. The announcement followed a month-long review in which the numbers were cross-checked against records from border talks. No unusual activity was reported in connection with the matter.,politics,15-Jul-21,REAL
"BOMBSHELL: vaccines conspiracy finally uncovered, mainstream media silent!!!",Insiders whispered the TRUTH about vaccines and it is worse than you could ever imagine!!! A former employee who wants to stay completely anonymous said the truth about the leaked memo is UNBELIEVABLE!!! Comment your reaction NOW and tag everyone you know!!!,entertainment,12-May-20,FAKE
You won't BELIEVE what insiders revealed about 5G networks - banned truth!!!,The mainstream media will NEVER show you this about 5G networks - 100% guaranteed!!! Anonymous sources claim that the leaked memo proves the entire thing was staged from the beginning!!! Comment your reaction NOW and tag everyone you know!!!,conspiracies,14-Jun-21,FAKE
Health update issued after clinic review,A report published on 09-Aug-21 describes how health developments were documented by the agency. Independent observers who reviewed the materials in clinic described the process as routine and orderly. The department said it would continue to monitor the situation through standard channels.,technology,18-Nov-20,REAL
BREAKING: the media scandal destroys everything - share before it's deleted!!!,The mainstream media will NEVER show you this about the media - 100% guaranteed!!! Documents that nobody can verify (for reasons that are OBVIOUS) show that the banned report was hidden from YOU!!! If you believe the official story you are being DECEIVED!!! Wake up sheeple!!!,conspiracies,23-Dec-19,FAKE
"BOMBSHELL: the government conspiracy finally uncovered, mainstream media silent!!!",The mainstream media will NEVER show you this about the government - 100% guaranteed!!! A former employee who wants to stay completely anonymous said the truth about the deleted files is UNBELIEVABLE!!! Comment your reaction NOW and tag everyone you know!!!,world,10-Mar-21,FAKE
"BOMBSHELL: the media conspiracy finally uncovered, mainstream media silent!!!",WAKE UP people!!! the media is a total LIE and we have PROOF!!! They deleted the evidence about the leaked memo but we saved it - share this before it disappears!!! The fact that this is not on the news proves EVERYTHING!!!,health,07-Jun-20,FAKE
MIRACLE cure for vaccines discovered - doctors HATE this one trick!!!,Shocking new evidence about vaccines has just leaked and they are trying to BAN this article!!! A former employee who wants to stay completely anonymous said the truth about the banned report is UNBELIEVABLE!!! Comment your reaction NOW and tag everyone you know!!!,world,21-Aug-21,FAKE
Economy update issued after trade review,A report published on 08-Mar-21 describes how economy developments were documented by the agency. The announcement followed a month-long review in which the numbers were cross-checked against records from trade. No unusual activity was reported in connection with the matter.,sports,05-Sep-21,REAL
Officials review health figures in public health records,"The ministry announced on 05-Oct-19 that health statistics had been verified by an independent auditor. Researchers noted that the results, published in public health, are consistent with data collected over the previous year. Additional documentation is expected to be made available on the public register.",sports,17-Jul-19,REAL
Technology update issued after software review,A report published on 02-Nov-20 describes how technology developments were documented by the agency. The announcement followed a month-long review in which the numbers were cross-checked against records from software. No unusual activity was reported in connection with the matter.,world,30-Jun-19,REAL
You won't BELIEVE what insiders revealed about the election - banned truth!!!,Insiders whispered the TRUTH about the election and it is worse than you could ever imagine!!! Everyone is talking about how the leaked memo was secretly changed overnight and NOBODY is asking questions!!! The fact that this is not on the news proves EVERYTHING!!!,health,11-Mar-19,FAKE
"BOMBSHELL: the media conspiracy finally uncovered, mainstream media silent!!!",This one weird trick about the media changed everything and experts are FURIOUS!!! Everyone is talking about how the leaked memo was secretly changed overnight and NOBODY is asking questions!!! The fact that this is not on the news proves EVERYTHING!!!,entertainment,21-Aug-20,FAKE
Officials review diplomatic figures in border talks records,Officials confirmed on 14-Oct-20 that diplomatic figures were released following a routine review. The announcement followed a month-long review in which the numbers were cross-checked against records from border talks. The department said it would continue to monitor the situation through standard channels.,technology,22-Oct-20,REAL
Diplomatic update issued after summit review,A report published on 05-Nov-20 describes how diplomatic developments were documented by the agency. Independent observers who reviewed the materials in summit described the process as routine and orderly. Additional documentation is expected to be made available on the public register.,health,12-Feb-19,REAL
Officials review diplomatic figures in border talks records,"According to a statement issued on 31-Jan-19, the department reviewed diplomatic data for the quarter. Researchers noted that the results, published in border talks, are consistent with data collected over the previous year. The office declined to comment beyond the prepared statement.",business,20-Jul-20,REAL
"BOMBSHELL: the election conspiracy finally uncovered, mainstream media silent!!!",This one weird trick about the election changed everything and experts are FURIOUS!!! They deleted the evidence about the secret footage but we saved it - share this before it disappears!!! SHARE THIS before it gets taken down!!! WAKE UP!!!,politics,07-Nov-20,FAKE
Government update issued after parliament review,"Analysts said on 08-Oct-20 that government indicators remained within the expected range, citing official records. The announcement followed a month-long review in which the numbers were cross-checked against records from parliament. The office declined to comment beyond the prepared statement.",world,17-Jul-21,REAL
Officials review diplomatic figures in border talks records,A report published on 20-Nov-19 describes how diplomatic developments were documented by the agency. A spokesperson said the findings in border talks were based on filings submitted under existing disclosure rules. No unusual activity was reported in connection with the matter.,sports,01-Jul-19,REAL
SHOCKING!!! vaccines secret plan EXPOSED - what they don't want you to know!!!,WAKE UP people!!! vaccines is a total LIE and we have PROOF!!! Everyone is talking about how the banned report was secretly changed overnight and NOBODY is asking questions!!! The fact that this is not on the news proves EVERYTHING!!!,world,28-Aug-21,FAKE
Officials review economy figures in trade records,"Analysts said on 05-Jul-21 that economy indicators remained within the expected range, citing official records. Researchers noted that the results, published in trade, are consistent with data collected over the previous year. No unusual activity was reported in connection with the matter.",sports,06-Sep-21,REAL
Officials review economy figures in employment records,"Analysts said on 26-Feb-19 that economy indicators remained within the expected range, citing official records. The announcement followed a month-long review in which the numbers were cross-checked against records from employment. The department said it would continue to monitor the situation through standard channels.",world,24-Feb-21,REAL
Officials review government figures in budget records,"The ministry announced on 15-Dec-19 that government statistics had been verified by an independent auditor. Researchers noted that the results, published in budget, are consistent with data collected over the previous year. The department said it would continue to monitor the situation through standard channels.",business,15-Apr-19,REAL
Economy update issued after trade review,"Analysts said on 27-Mar-20 that economy indicators remained within the expected range, citing official records. The agency stated that further updates concerning trade would be provided during the next scheduled briefing. Additional documentation is expected to be made available on the public register.",health,24-Jun-20,REAL
Officials review technology figures in semiconductors records,A report published on 10-Mar-19 describes how technology developments were documented by the agency. A spokesperson said the findings in semiconductors were based on filings submitted under existing disclosure rules. Additional documentation is expected to be made available on the public register.,health,03-Feb-19,REAL
Officials review technology figures in research records,A report published on 10-Oct-19 describes how technology developments were documented by the agency. A spokesperson said the findings in research were based on filings submitted under existing disclosure rules. No unusual activity was reported in connection with the matter.,sports,05-Mar-20,REAL
BREAKING: the election scandal destroys everything - share before it's deleted!!!,The mainstream media will NEVER show you this about the election - 100% guaranteed!!! Documents that nobody can verify (for reasons that are OBVIOUS) show that the leaked memo was hidden from YOU!!! The fact that this is not on the news proves EVERYTHING!!!,conspiracies,07-Jun-19,FAKE
SHOCKING!!! the election secret plan EXPOSED - what they don't want you to know!!!,WAKE UP people!!! the election is a total LIE and we have PROOF!!! Documents that nobody can verify (for reasons that are OBVIOUS) show that the banned report was hidden from YOU!!! The fact that this is not on the news proves EVERYTHING!!!,entertainment,24-Feb-21,FAKE
Officials review diplomatic figures in diplomacy records,A report published on 17-Oct-20 describes how diplomatic developments were documented by the agency. The agency stated that further updates concerning diplomacy would be provided during the next scheduled briefing. The office declined to comment beyond the prepared statement.,sports,11-Aug-21,REAL
Diplomatic update issued after border talks review,"Analysts said on 23-Apr-21 that diplomatic indicators remained within the expected range, citing official records. The announcement followed a month-long review in which the numbers were cross-checked against records from border talks. No unusual activity was reported in connection with the matter.",technology,04-Sep-19,REAL
MIRACLE cure for the media discovered - doctors HATE this one trick!!!,Insiders whispered the TRUTH about the media and it is worse than you could ever imagine!!! They deleted the evidence about the leaked memo but we saved it - share this before it disappears!!! If you believe the official story you are being DECEIVED!!! Wake up sheeple!!!,world,09-Jun-21,FAKE
You won't BELIEVE what insiders revealed about vaccines - banned truth!!!,Shocking new evidence about vaccines has just leaked and they are trying to BAN this article!!! Documents that nobody can verify (for reasons that are OBVIOUS) show that the banned report was hidden from YOU!!! If you believe the official story you are being DECEIVED!!! Wake up sheeple!!!,world,30-Apr-19,FAKE
SHOCKING!!! 5G networks secret plan EXPOSED - what they don't want you to know!!!,The mainstream media will NEVER show you this about 5G networks - 100% guaranteed!!! A former employee who wants to stay completely anonymous said the truth about the banned report is UNBELIEVABLE!!! SHARE THIS before it gets taken down!!! WAKE UP!!!,health,23-Aug-21,FAKE
MIRACLE cure for the media discovered - doctors HATE this one trick!!!,This one weird trick about the media changed everything and experts are FURIOUS!!! A former employee who wants to stay completely anonymous said the truth about the deleted files is UNBELIEVABLE!!! If you believe the official story you are being DECEIVED!!! Wake up sheeple!!!,health,21-Apr-19,FAKE
Officials review diplomatic figures in summit records,"According to a statement issued on 12-Feb-20, the department reviewed diplomatic data for the quarter. Researchers noted that the results, published in summit, are consistent with data collected over the previous year. Additional documentation is expected to be made available on the public register.",world,22-May-19,REAL
Officials review diplomatic figures in border talks records,"According to a statement issued on 23-Jul-21, the department reviewed diplomatic data for the quarter. Independent observers who reviewed the materials in border talks described the process as routine and orderly. Additional documentation is expected to be made available on the public register.",world,27-Jan-19,REAL
"BOMBSHELL: 5G networks conspiracy finally uncovered, mainstream media silent!!!",WAKE UP people!!! 5G networks is a total LIE and we have PROOF!!! Anonymous sources claim that the banned report proves the entire thing was staged from the beginning!!! SHARE THIS before it gets taken down!!! WAKE UP!!!,health,02-Jul-19,FAKE
BREAKING: the election scandal destroys everything - share before it's deleted!!!,The mainstream media will NEVER show you this about the election - 100% guaranteed!!! Everyone is talking about how the banned report was secretly changed overnight and NOBODY is asking questions!!! Comment your reaction NOW and tag everyone you know!!!,entertainment,16-Sep-21,FAKE
Officials review health figures in clinic records,A report published on 01-Oct-19 describes how health developments were documented by the agency. A spokesperson said the findings in clinic were based on filings submitted under existing disclosure rules. No unusual activity was reported in connection with the matter.,politics,29-May-21,REAL
BREAKING: the election scandal destroys everything - share before it's deleted!!!,WAKE UP people!!! the election is a total LIE and we have PROOF!!! A former employee who wants to stay completely anonymous said the truth about the banned report is UNBELIEVABLE!!! If you believe the official story you are being DECEIVED!!! Wake up sheeple!!!,entertainment,23-Sep-20,FAKE
Health update issued after public health review,Officials confirmed on 24-Apr-20 that health figures were released following a routine review. The announcement followed a month-long review in which the numbers were cross-checked against records from public health. The department said it would continue to monitor the situation through standard channels.,world,30-May-21,REAL
You won't BELIEVE what insiders revealed about 5G networks - banned truth!!!,Insiders whispered the TRUTH about 5G networks and it is worse than you could ever imagine!!! Everyone is talking about how the banned report was secretly changed overnight and NOBODY is asking questions!!! SHARE THIS before it gets taken down!!! WAKE UP!!!,politics,11-May-21,FAKE
Officials review diplomatic figures in diplomacy records,"Analysts said on 06-Jun-20 that diplomatic indicators remained within the expected range, citing official records. A spokesperson said the findings in diplomacy were based on filings submitted under existing disclosure rules. Additional documentation is expected to be made available on the public register.",sports,14-Apr-21,REAL
Diplomatic update issued after summit review,"Analysts said on 14-Aug-19 that diplomatic indicators remained within the expected range, citing official records. The announcement followed a month-long review in which the numbers were cross-checked against records from summit. No unusual activity was reported in connection with the matter.",politics,23-Aug-19,REAL
Officials review technology figures in software records,Officials confirmed on 11-Jul-19 that technology figures were released following a routine review. A spokesperson said the findings in software were based on filings submitted under existing disclosure rules. No unusual activity was reported in connection with the matter.,technology,13-Oct-19,REAL
You won't BELIEVE what insiders revealed about the media - banned truth!!!,Insiders whispered the TRUTH about the media and it is worse than you could ever imagine!!! Everyone is talking about how the banned report was secretly changed overnight and NOBODY is asking questions!!! SHARE THIS before it gets taken down!!! WAKE UP!!!,world,02-Aug-21,FAKE
"BOMBSHELL: the media conspiracy finally uncovered, mainstream media silent!!!",Insiders whispered the TRUTH about the media and it is worse than you could ever imagine!!! They deleted the evidence about the banned report but we saved it - share this before it disappears!!! SHARE THIS before it gets taken down!!! WAKE UP!!!,conspiracies,17-Jan-19,FAKE
BREAKING: the government scandal destroys everything - share before it's deleted!!!,The mainstream media will NEVER show you this about the government - 100% guaranteed!!! Everyone is talking about how the banned report was secretly changed overnight and NOBODY is asking questions!!! If you believe the official story you are being DECEIVED!!! Wake up sheeple!!!,conspiracies,27-Feb-21,FAKE
SHOCKING!!! vaccines secret plan EXPOSED - what they don't want you to know!!!,WAKE UP people!!! vaccines is a total LIE and we have PROOF!!! A former employee who wants to stay completely anonymous said the truth about the leaked memo is UNBELIEVABLE!!! SHARE THIS before it gets taken down!!! WAKE UP!!!,conspiracies,25-Jul-19,FAKE
SHOCKING!!! 5G networks secret plan EXPOSED - what they don't want you to know!!!,Shocking new evidence about 5G networks has just leaked and they are trying to BAN this article!!! Everyone is talking about how the banned report was secretly changed overnight and NOBODY is asking questions!!! The fact that this is not on the news proves EVERYTHING!!!,conspiracies,05-May-19,FAKE
BREAKING: the government scandal destroys everything - share before it's deleted!!!,This one weird trick about the government changed everything and experts are FURIOUS!!! Documents that nobody can verify (for reasons that are OBVIOUS) show that the banned report was hidden from YOU!!! If you believe the official story you are being DECEIVED!!! Wake up sheeple!!!,entertainment,25-Jan-20,FAKE
You won't BELIEVE what insiders revealed about vaccines - banned truth!!!,WAKE UP people!!! vaccines is a total LIE and we have PROOF!!! They deleted the evidence about the banned report but we saved it - share this before it disappears!!! If you believe the official story you are being DECEIVED!!! Wake up sheeple!!!,entertainment,06-Mar-19,FAKE
Economy update issued after inflation review,Officials confirmed on 29-Aug-21 that economy figures were released following a routine review. The agency stated that further updates concerning inflation would be provided during the next scheduled briefing. Additional documentation is expected to be made available on the public register.,health,24-Feb-21,REAL
Officials review government figures in parliament records,"The ministry announced on 11-Jun-20 that government statistics had been verified by an independent auditor. Researchers noted that the results, published in parliament, are consistent with data collected over the previous year. Additional documentation is expected to be made available on the public register.",technology,02-Dec-19,REAL
Economy update issued after employment review,"Analysts said on 14-Apr-19 that economy indicators remained within the expected range, citing official records. Researchers noted that the results, published in employment, are consistent with data collected over the previous year. Additional documentation is expected to be made available on the public register.",business,11-Jul-19,REAL
You won't BELIEVE what insiders revealed about the media - banned truth!!!,Shocking new evidence about the media has just leaked and they are trying to BAN this article!!! A former employee who wants to stay completely anonymous said the truth about the banned report is UNBELIEVABLE!!! The fact that this is not on the news proves EVERYTHING!!!,world,15-May-19,FAKE
"BOMBSHELL: the election conspiracy finally uncovered, mainstream media silent!!!",This one weird trick about the election changed everything and experts are FURIOUS!!! They deleted the evidence about the deleted files but we saved it - share this before it disappears!!! If you believe the official story you are being DECEIVED!!! Wake up sheeple!!!,politics,27-Jun-20,FAKE
You won't BELIEVE what insiders revealed about vaccines - banned truth!!!,WAKE UP people!!! vaccines is a total LIE and we have PROOF!!! Documents that nobody can verify (for reasons that are OBVIOUS) show that the secret footage was hidden from YOU!!! If you believe the official story you are being DECEIVED!!! Wake up sheeple!!!,world,03-Jun-20,FAKE
"BOMBSHELL: vaccines conspiracy finally uncovered, mainstream media silent!!!",Insiders whispered the TRUTH about vaccines and it is worse than you could ever imagine!!! They deleted the evidence about the secret footage but we saved it - share this before it disappears!!! The fact that this is not on the news proves EVERYTHING!!!,world,06-Oct-19,FAKE
You won't BELIEVE what insiders revealed about the government - banned truth!!!,Shocking new evidence about the government has just leaked and they are trying to BAN this article!!! They deleted the evidence about the leaked memo but we saved it - share this before it disappears!!! SHARE THIS before it gets taken down!!! WAKE UP!!!,world,07-Nov-20,FAKE
Technology update issued after research review,"Analysts said on 11-Jan-19 that technology indicators remained within the expected range, citing official records. A spokesperson said the findings in research were based on filings submitted under existing disclosure rules. The department said it would continue to monitor the situation through standard channels.",world,01-Apr-20,REAL
Technology update issued after research review,A report published on 23-May-20 describes how technology developments were documented by the agency. The agency stated that further updates concerning research would be provided during the next scheduled briefing. Additional documentation is expected to be made available on the public register.,health,01-Oct-19,REAL
BREAKING: the media scandal destroys everything - share before it's deleted!!!,Shocking new evidence about the media has just leaked and they are trying to BAN this article!!! They deleted the evidence about the banned report but we saved it - share this before it disappears!!! If you believe the official story you are being DECEIVED!!! Wake up sheeple!!!,health,23-Feb-21,FAKE
Diplomatic update issued after treaty review,The ministry announced on 12-Feb-21 that diplomatic statistics had been verified by an independent auditor. A spokesperson said the findings in treaty were based on filings submitted under existing disclosure rules. No unusual activity was reported in connection with the matter.,business,24-Feb-19,REAL
MIRACLE cure for the election discovered - doctors HATE this one trick!!!,WAKE UP people!!! the election is a total LIE and we have PROOF!!! Anonymous sources claim that the banned report proves the entire thing was staged from the beginning!!! If you believe the official story you are being DECEIVED!!! Wake up sheeple!!!,world,09-Feb-21,FAKE
Technology update issued after software review,A report published on 30-Apr-21 describes how technology developments were documented by the agency. The agency stated that further updates concerning software would be provided during the next scheduled briefing. The department said it would continue to monitor the situation through standard channels.,world,30-Sep-20,REAL
MIRACLE cure for 5G networks discovered - doctors HATE this one trick!!!,This one weird trick about 5G networks changed everything and experts are FURIOUS!!! Everyone is talking about how the banned report was secretly changed overnight and NOBODY is asking questions!!! SHARE THIS before it gets taken down!!! WAKE UP!!!,politics,14-Dec-19,FAKE
You won't BELIEVE what insiders revealed about vaccines - banned truth!!!,Insiders whispered the TRUTH about vaccines and it is worse than you could ever imagine!!! Everyone is talking about how the secret footage was secretly changed overnight and NOBODY is asking questions!!! The fact that this is not on the news proves EVERYTHING!!!,entertainment,30-May-21,FAKE
Health update issued after public health review,Officials confirmed on 08-May-20 that health figures were released following a routine review. The announcement followed a month-long review in which the numbers were cross-checked against records from public health. Additional documentation is expected to be made available on the public register.,sports,29-Nov-19,REAL
"BOMBSHELL: 5G networks conspiracy finally uncovered, mainstream media silent!!!",The mainstream media will NEVER show you this about 5G networks - 100% guaranteed!!! Everyone is talking about how the banned report was secretly changed overnight and NOBODY is asking questions!!! The fact that this is not on the news proves EVERYTHING!!!,world,06-Sep-19,FAKE
Officials review economy figures in markets records,"Analysts said on 20-Aug-21 that economy indicators remained within the expected range, citing official records. Independent observers who reviewed the materials in markets described the process as routine and orderly. The office declined to comment beyond the prepared statement.",business,01-Sep-19,REAL
Technology update issued after semiconductors review,Officials confirmed on 19-Mar-19 that technology figures were released following a routine review. A spokesperson said the findings in semiconductors were based on filings submitted under existing disclosure rules. No unusual activity was reported in connection with the matter.,health,19-Jul-20,REAL
You won't BELIEVE what insiders revealed about the government - banned truth!!!,Shocking new evidence about the government has just leaked and they are trying to BAN this article!!! Anonymous sources claim that the leaked memo proves the entire thing was staged from the beginning!!! If you believe the official story you are being DECEIVED!!! Wake up sheeple!!!,politics,12-May-20,FAKE
Economy update issued after markets review,"According to a statement issued on 27-Feb-20, the department reviewed economy data for the quarter. Researchers noted that the results, published in markets, are consistent with data collected over the previous year. No unusual activity was reported in connection with the matter.",business,12-Sep-19,REAL
Technology update issued after engineering review,"Officials confirmed on 28-Jul-19 that technology figures were released following a routine review. Researchers noted that the results, published in engineering, are consistent with data collected over the previous year. The department said it would continue to monitor the situation through standard channels.",technology,20-Jun-21,REAL
You won't BELIEVE what insiders revealed about 5G networks - banned truth!!!,The mainstream media will NEVER show you this about 5G networks - 100% guaranteed!!! Everyone is talking about how the leaked memo was secretly changed overnight and NOBODY is asking questions!!! The fact that this is not on the news proves EVERYTHING!!!,entertainment,17-Jun-19,FAKE
Economy update issued after markets review,"According to a statement issued on 25-Sep-19, the department reviewed economy data for the quarter. Researchers noted that the results, published in markets, are consistent with data collected over the previous year. The office declined to comment beyond the prepared statement.",sports,01-Dec-19,REAL
Officials review technology figures in software records,"Analysts said on 20-Oct-19 that technology indicators remained within the expected range, citing official records. The agency stated that further updates concerning software would be provided during the next scheduled briefing. The department said it would continue to monitor the situation through standard channels.",politics,07-Apr-20,REAL
BREAKING: the government scandal destroys everything - share before it's deleted!!!,The mainstream media will NEVER show you this about the government - 100% guaranteed!!! They deleted the evidence about the banned report but we saved it - share this before it disappears!!! The fact that this is not on the news proves EVERYTHING!!!,entertainment,05-Oct-20,FAKE
"BOMBSHELL: the election conspiracy finally uncovered, mainstream media silent!!!",WAKE UP people!!! the election is a total LIE and we have PROOF!!! A former employee who wants to stay completely anonymous said the truth about the leaked memo is UNBELIEVABLE!!! SHARE THIS before it gets taken down!!! WAKE UP!!!,entertainment,06-Aug-21,FAKE
Health update issued after hospital review,Officials confirmed on 10-Dec-19 that health figures were released following a routine review. The agency stated that further updates concerning hospital would be provided during the next scheduled briefing. Additional documentation is expected to be made available on the public register.,business,30-Dec-20,REAL
SHOCKING!!! 5G networks secret plan EXPOSED - what they don't want you to know!!!,Insiders whispered the TRUTH about 5G networks and it is worse than you could ever imagine!!! Everyone is talking about how the leaked memo was secretly changed overnight and NOBODY is asking questions!!! Comment your reaction NOW and tag everyone you know!!!,entertainment,05-Feb-20,FAKE
"BOMBSHELL: the media conspiracy finally uncovered, mainstream media silent!!!",This one weird trick about the media changed everything and experts are FURIOUS!!! They deleted the evidence about the leaked memo but we saved it - share this before it disappears!!! The fact that this is not on the news proves EVERYTHING!!!,world,19-Jul-20,FAKE
Government update issued after budget review,"Analysts said on 07-Sep-20 that government indicators remained within the expected range, citing official records. Independent observers who reviewed the materials in budget described the process as routine and orderly. Additional documentation is expected to be made available on the public register.",sports,28-Jan-19,REAL
MIRACLE cure for the government discovered - doctors HATE this one trick!!!,The mainstream media will NEVER show you this about the government - 100% guaranteed!!! Documents that nobody can verify (for reasons that are OBVIOUS) show that the banned report was hidden from YOU!!! If you believe the official story you are being DECEIVED!!! Wake up sheeple!!!,politics,12-Apr-19,FAKE
Officials review technology figures in research records,Officials confirmed on 20-Mar-21 that technology figures were released following a routine review. The agency stated that further updates concerning research would be provided during the next scheduled briefing. No unusual activity was reported in connection with the matter.,politics,10-Apr-20,REAL
Officials review technology figures in research records,"Analysts said on 03-Apr-21 that technology indicators remained within the expected range, citing official records. Independent observers who reviewed the materials in research described the process as routine and orderly. No unusual activity was reported in connection with the matter.",business,03-May-20,REAL
"BOMBSHELL: the media conspiracy finally uncovered, mainstream media silent!!!",Insiders whispered the TRUTH about the media and it is worse than you could ever imagine!!! Everyone is talking about how the leaked memo was secretly changed overnight and NOBODY is asking questions!!! SHARE THIS before it gets taken down!!! WAKE UP!!!,conspiracies,30-Aug-19,FAKE
Economy update issued after employment review,Officials confirmed on 11-Jul-20 that economy figures were released following a routine review. A spokesperson said the findings in employment were based on filings submitted under existing disclosure rules. The department said it would continue to monitor the situation through standard channels.,world,15-Mar-19,REAL
Officials review technology figures in software records,The ministry announced on 05-Jul-20 that technology statistics had been verified by an independent auditor. The agency stated that further updates concerning software would be provided during the next scheduled briefing. Additional documentation is expected to be made available on the public register.,health,22-Jan-20,REAL
MIRACLE cure for vaccines discovered - doctors HATE this one trick!!!,Insiders whispered the TRUTH about vaccines and it is worse than you could ever imagine!!! Everyone is talking about how the secret footage was secretly changed overnight and NOBODY is asking questions!!! If you believe the official story you are being DECEIVED!!! Wake up sheeple!!!,health,08-Jul-19,FAKE
Technology update issued after engineering review,A report published on 13-May-20 describes how technology developments were documented by the agency. Independent observers who reviewed the materials in engineering described the process as routine and orderly. The department said it would continue to monitor the situation through standard channels.,technology,23-Oct-19,REAL
You won't BELIEVE what insiders revealed about the media - banned truth!!!,The mainstream media will NEVER show you this about the media - 100% guaranteed!!! Anonymous sources claim that the deleted files proves the entire thing was staged from the beginning!!! The fact that this is not on the news proves EVERYTHING!!!,health,24-May-21,FAKE
MIRACLE cure for 5G networks discovered - doctors HATE this one trick!!!,This one weird trick about 5G networks changed everything and experts are FURIOUS!!! They deleted the evidence about the secret footage but we saved it - share this before it disappears!!! The fact that this is not on the news proves EVERYTHING!!!,politics,03-Oct-19,FAKE
Government update issued after budget review,The ministry announced on 22-Jun-21 that government statistics had been verified by an independent auditor. A spokesperson said the findings in budget were based on filings submitted under existing disclosure rules. No unusual activity was reported in connection with the matter.,technology,17-Mar-21,REAL
Technology update issued after software review,A report published on 31-Mar-21 describes how technology developments were documented by the agency. Independent observers who reviewed the materials in software described the process as routine and orderly. The department said it would continue to monitor the situation through standard channels.,politics,18-Oct-20,REAL
MIRACLE cure for the media discovered - doctors HATE this one trick!!!,Insiders whispered the TRUTH about the media and it is worse than you could ever imagine!!! Everyone is talking about how the deleted files was secretly changed overnight and NOBODY is asking questions!!! SHARE THIS before it gets taken down!!! WAKE UP!!!,world,16-Dec-20,FAKE
BREAKING: the election scandal destroys everything - share before it's deleted!!!,Insiders whispered the TRUTH about the election and it is worse than you could ever imagine!!! Anonymous sources claim that the banned report proves the entire thing was staged from the beginning!!! SHARE THIS before it gets taken down!!! WAKE UP!!!,politics,04-Apr-20,FAKE
You won't BELIEVE what insiders revealed about the government - banned truth!!!,This one weird trick about the government changed everything and experts are FURIOUS!!! They deleted the evidence about the leaked memo but we saved it - share this before it disappears!!! SHARE THIS before it gets taken down!!! WAKE UP!!!,conspiracies,18-Jun-20,FAKE
Officials review health figures in vaccine programme records,"The ministry announced on 27-Sep-21 that health statistics had been verified by an independent auditor. Researchers noted that the results, published in vaccine programme, are consistent with data collected over the previous year. Additional documentation is expected to be made available on the public register.",politics,12-Apr-21,REAL
MIRACLE cure for 5G networks discovered - doctors HATE this one trick!!!,Insiders whispered the TRUTH about 5G networks and it is worse than you could ever imagine!!! Everyone is talking about how the secret footage was secretly changed overnight and NOBODY is asking questions!!! The fact that this is not on the news proves EVERYTHING!!!,politics,26-Oct-19,FAKE
Health update issued after public health review,A report published on 29-Dec-20 describes how health developments were documented by the agency. A spokesperson said the findings in public health were based on filings submitted under existing disclosure rules. Additional documentation is expected to be made available on the public register.,politics,25-Jul-19,REAL
Technology update issued after semiconductors review,"Officials confirmed on 11-Apr-19 that technology figures were released following a routine review. Researchers noted that the results, published in semiconductors, are consistent with data collected over the previous year. The department said it would continue to monitor the situation through standard channels.",health,25-Jul-20,REAL
MIRACLE cure for the government discovered - doctors HATE this one trick!!!,Insiders whispered the TRUTH about the government and it is worse than you could ever imagine!!! A former employee who wants to stay completely anonymous said the truth about the leaked memo is UNBELIEVABLE!!! SHARE THIS before it gets taken down!!! WAKE UP!!!,politics,27-Oct-19,FAKE
SHOCKING!!! the media secret plan EXPOSED - what they don't want you to know!!!,This one weird trick about the media changed everything and experts are FURIOUS!!! A former employee who wants to stay completely anonymous said the truth about the secret footage is UNBELIEVABLE!!! If you believe the official story you are being DECEIVED!!! Wake up sheeple!!!,politics,31-Dec-20,FAKE
BREAKING: the government scandal destroys everything - share before it's deleted!!!,Insiders whispered the TRUTH about the government and it is worse than you could ever imagine!!! They deleted the evidence about the secret footage but we saved it - share this before it disappears!!! If you believe the official story you are being DECEIVED!!! Wake up sheeple!!!,politics,09-Jul-19,FAKE
SHOCKING!!! the government secret plan EXPOSED - what they don't want you to know!!!,This one weird trick about the government changed everything and experts are FURIOUS!!! Documents that nobody can verify (for reasons that are OBVIOUS) show that the leaked memo was hidden from YOU!!! If you believe the official story you are being DECEIVED!!! Wake up sheeple!!!,world,17-Nov-20,FAKE
Government update issued after budget review,"The ministry announced on 03-Dec-19 that government statistics had been verified by an independent auditor. Researchers noted that the results, published in budget, are consistent with data collected over the previous year. No unusual activity was reported in connection with the matter.",business,26-Dec-19,REAL
Officials review technology figures in semiconductors records,"According to a statement issued on 19-Dec-20, the department reviewed technology data for the quarter. Independent observers who reviewed the materials in semiconductors described the process as routine and orderly. No unusual activity was reported in connection with the matter.",world,04-Nov-20,REAL
"BOMBSHELL: vaccines conspiracy finally uncovered, mainstream media silent!!!",WAKE UP people!!! vaccines is a total LIE and we have PROOF!!! Everyone is talking about how the leaked memo was secretly changed overnight and NOBODY is asking questions!!! SHARE THIS before it gets taken down!!! WAKE UP!!!,entertainment,07-Mar-19,FAKE
MIRACLE cure for the election discovered - doctors HATE this one trick!!!,This one weird trick about the election changed everything and experts are FURIOUS!!! They deleted the evidence about the secret footage but we saved it - share this before it disappears!!! Comment your reaction NOW and tag everyone you know!!!,world,27-Dec-20,FAKE
Officials review government figures in legislation records,Officials confirmed on 08-May-19 that government figures were released following a routine review. A spokesperson said the findings in legislation were based on filings submitted under existing disclosure rules. The office declined to comment beyond the prepared statement.,technology,27-Jul-19,REAL
BREAKING: 5G networks scandal destroys everything - share before it's deleted!!!,Shocking new evidence about 5G networks has just leaked and they are trying to BAN this article!!! Anonymous sources claim that the deleted files proves the entire thing was staged from the beginning!!! Comment your reaction NOW and tag everyone you know!!!,health,27-Jun-19,FAKE
Officials review diplomatic figures in diplomacy records,"According to a statement issued on 14-Aug-21, the department reviewed diplomatic data for the quarter. Researchers noted that the results, published in diplomacy, are consistent with data collected over the previous year. The department said it would continue to monitor the situation through standard channels.",health,06-Mar-20,REAL
You won't BELIEVE what insiders revealed about the media - banned truth!!!,The mainstream media will NEVER show you this about the media - 100% guaranteed!!! Documents that nobody can verify (for reasons that are OBVIOUS) show that the leaked memo was hidden from YOU!!! The fact that this is not on the news proves EVERYTHING!!!,conspiracies,06-Jul-21,FAKE
MIRACLE cure for 5G networks discovered - doctors HATE this one trick!!!,Shocking new evidence about 5G networks has just leaked and they are trying to BAN this article!!! They deleted the evidence about the secret footage but we saved it - share this before it disappears!!! If you believe the official story you are being DECEIVED!!! Wake up sheeple!!!,entertainment,11-Mar-19,FAKE
Officials review technology figures in engineering records,A report published on 27-Nov-20 describes how technology developments were documented by the agency. Independent observers who reviewed the materials in engineering described the process as routine and orderly. The office declined to comment beyond the prepared statement.,health,30-Oct-19,REAL
SHOCKING!!! the government secret plan EXPOSED - what they don't want you to know!!!,Shocking new evidence about the government has just leaked and they are trying to BAN this article!!! Everyone is talking about how the secret footage was secretly changed overnight and NOBODY is asking questions!!! Comment your reaction NOW and tag everyone you know!!!,politics,21-Jun-19,FAKE
Diplomatic update issued after summit review,Officials confirmed on 30-Aug-21 that diplomatic figures were released following a routine review. The agency stated that further updates concerning summit would be provided during the next scheduled briefing. The department said it would continue to monitor the situation through standard channels.,world,22-Sep-21,REAL
Diplomatic update issued after summit review,"Officials confirmed on 29-Nov-20 that diplomatic figures were released following a routine review. Researchers noted that the results, published in summit, are consistent with data collected over the previous year. The office declined to comment beyond the prepared statement.",politics,31-Jan-20,REAL
Diplomatic update issued after treaty review,The ministry announced on 19-Sep-20 that diplomatic statistics had been verified by an independent auditor. Independent observers who reviewed the materials in treaty described the process as routine and orderly. The office declined to comment beyond the prepared statement.,health,01-Apr-20,REAL
You won't BELIEVE what insiders revealed about 5G networks - banned truth!!!,This one weird trick about 5G networks changed everything and experts are FURIOUS!!! They deleted the evidence about the leaked memo but we saved it - share this before it disappears!!! If you believe the official story you are being DECEIVED!!! Wake up sheeple!!!,health,28-Feb-20,FAKE
MIRACLE cure for vaccines discovered - doctors HATE this one trick!!!,Insiders whispered the TRUTH about vaccines and it is worse than you could ever imagine!!! Documents that nobody can verify (for reasons that are OBVIOUS) show that the leaked memo was hidden from YOU!!! Comment your reaction NOW and tag everyone you know!!!,politics,11-May-20,FAKE
You won't BELIEVE what insiders revealed about 5G networks - banned truth!!!,Insiders whispered the TRUTH about 5G networks and it is worse than you could ever imagine!!! Everyone is talking about how the leaked memo was secretly changed overnight and NOBODY is asking questions!!! The fact that this is not on the news proves EVERYTHING!!!,world,24-Apr-19,FAKE
SHOCKING!!! 5G networks secret plan EXPOSED - what they don't want you to know!!!,The mainstream media will NEVER show you this about 5G networks - 100% guaranteed!!! Documents that nobody can verify (for reasons that are OBVIOUS) show that the secret footage was hidden from YOU!!! Comment your reaction NOW and tag everyone you know!!!,world,20-Feb-19,FAKE
Officials review economy figures in trade records,"According to a statement issued on 21-Feb-21, the department reviewed economy data for the quarter. The agency stated that further updates concerning trade would be provided during the next scheduled briefing. Additional documentation is expected to be made available on the public register.",politics,06-Aug-20,REAL
MIRACLE cure for the government discovered - doctors HATE this one trick!!!,WAKE UP people!!! the government is a total LIE and we have PROOF!!! They deleted the evidence about the secret footage but we saved it - share this before it disappears!!! SHARE THIS before it gets taken down!!! WAKE UP!!!,health,07-Dec-20,FAKE
Officials review technology figures in research records,"According to a statement issued on 12-May-19, the department reviewed technology data for the quarter. A spokesperson said the findings in research were based on filings submitted under existing disclosure rules. No unusual activity was reported in connection with the matter.",politics,10-Jul-21,REAL
Officials review diplomatic figures in treaty records,A report published on 12-Nov-20 describes how diplomatic developments were documented by the agency. Independent observers who reviewed the materials in treaty described the process as routine and orderly. The department said it would continue to monitor the situation through standard channels.,sports,06-Dec-20,REAL
Economy update issued after trade review,"Officials confirmed on 31-Aug-21 that economy figures were released following a routine review. Researchers noted that the results, published in trade, are consistent with data collected over the previous year. No unusual activity was reported in connection with the matter.",technology,19-May-21,REAL
BREAKING: the media scandal destroys everything - share before it's deleted!!!,This one weird trick about the media changed everything and experts are FURIOUS!!! A former employee who wants to stay completely anonymous said the truth about the leaked memo is UNBELIEVABLE!!! Comment your reaction NOW and tag everyone you know!!!,entertainment,15-Feb-20,FAKE
Officials review government figures in budget records,A report published on 10-Apr-21 describes how government developments were documented by the agency. Independent observers who reviewed the materials in budget described the process as routine and orderly. Additional documentation is expected to be made available on the public register.,world,02-May-19,REAL
Officials review technology figures in engineering records,"According to a statement issued on 07-Feb-19, the department reviewed technology data for the quarter. A spokesperson said the findings in engineering were based on filings submitted under existing disclosure rules. Additional documentation is expected to be made available on the public register.",politics,05-Jun-21,REAL
MIRACLE cure for the government discovered - doctors HATE this one trick!!!,The mainstream media will NEVER show you this about the government - 100% guaranteed!!! Documents that nobody can verify (for reasons that are OBVIOUS) show that the deleted files was hidden from YOU!!! Comment your reaction NOW and tag everyone you know!!!,world,26-Jun-21,FAKE
MIRACLE cure for 5G networks discovered - doctors HATE this one trick!!!,Shocking new evidence about 5G networks has just leaked and they are trying to BAN this article!!! Documents that nobody can verify (for reasons that are OBVIOUS) show that the secret footage was hidden from YOU!!! The fact that this is not on the news proves EVERYTHING!!!,health,29-Jan-20,FAKE
Technology update issued after software review,The ministry announced on 03-Nov-19 that technology statistics had been verified by an independent auditor. The announcement followed a month-long review in which the numbers were cross-checked against records from software. The office declined to comment beyond the prepared statement.,sports,05-Feb-19,REAL
SHOCKING!!! 5G networks secret plan EXPOSED - what they don't want you to know!!!,Insiders whispered the TRUTH about 5G networks and it is worse than you could ever imagine!!! Documents that nobody can verify (for reasons that are OBVIOUS) show that the leaked memo was hidden from YOU!!! The fact that this is not on the news proves EVERYTHING!!!,entertainment,12-Sep-20,FAKE
MIRACLE cure for the election discovered - doctors HATE this one trick!!!,Shocking new evidence about the election has just leaked and they are trying to BAN this article!!! Everyone is talking about how the leaked memo was secretly changed overnight and NOBODY is asking questions!!! If you believe the official story you are being DECEIVED!!! Wake up sheeple!!!,politics,04-Nov-20,FAKE
BREAKING: the media scandal destroys everything - share before it's deleted!!!,Shocking new evidence about the media has just leaked and they are trying to BAN this article!!! A former employee who wants to stay completely anonymous said the truth about the secret footage is UNBELIEVABLE!!! If you believe the official story you are being DECEIVED!!! Wake up sheeple!!!,health,04-Jul-19,FAKE
Diplomatic update issued after summit review,"According to a statement issued on 16-Oct-19, the department reviewed diplomatic data for the quarter. Independent observers who reviewed the materials in summit described the process as routine and orderly. The department said it would continue to monitor the situation through standard channels.",world,04-Dec-20,REAL
Officials review economy figures in employment records,"According to a statement issued on 15-Aug-21, the department reviewed economy data for the quarter. A spokesperson said the findings in employment were based on filings submitted under existing disclosure rules. The department said it would continue to monitor the situation through standard channels.",business,05-Apr-21,REAL
Diplomatic update issued after treaty review,"Analysts said on 15-Aug-19 that diplomatic indicators remained within the expected range, citing official records. The announcement followed a month-long review in which the numbers were cross-checked against records from treaty. The office declined to comment beyond the prepared statement.",business,26-Oct-20,REAL
Officials review economy figures in inflation records,"Analysts said on 10-Jun-21 that economy indicators remained within the expected range, citing official records. The agency stated that further updates concerning inflation would be provided during the next scheduled briefing. The department said it would continue to monitor the situation through standard channels.",health,27-May-19,REAL
MIRACLE cure for the media discovered - doctors HATE this one trick!!!,Shocking new evidence about the media has just leaked and they are trying to BAN this article!!! They deleted the evidence about the banned report but we saved it - share this before it disappears!!! The fact that this is not on the news proves EVERYTHING!!!,conspiracies,12-Feb-21,FAKE
Officials review health figures in vaccine programme records,The ministry announced on 10-Mar-19 that health statistics had been verified by an independent auditor. The announcement followed a month-long review in which the numbers were cross-checked against records from vaccine programme. No unusual activity was reported in connection with the matter.,politics,01-Feb-21,REAL
You won't BELIEVE what insiders revealed about the media - banned truth!!!,Insiders whispered the TRUTH about the media and it is worse than you could ever imagine!!! Documents that nobody can verify (for reasons that are OBVIOUS) show that the leaked memo was hidden from YOU!!! The fact that this is not on the news proves EVERYTHING!!!,entertainment,24-Mar-20,FAKE
MIRACLE cure for the media discovered - doctors HATE this one trick!!!,Insiders whispered the TRUTH about the media and it is worse than you could ever imagine!!! They deleted the evidence about the banned report but we saved it - share this before it disappears!!! The fact that this is not on the news proves EVERYTHING!!!,health,21-Jun-19,FAKE
"BOMBSHELL: 5G networks conspiracy finally uncovered, mainstream media silent!!!",Insiders whispered the TRUTH about 5G networks and it is worse than you could ever imagine!!! Anonymous sources claim that the banned report proves the entire thing was staged from the beginning!!! If you believe the official story you are being DECEIVED!!! Wake up sheeple!!!,politics,01-Sep-19,FAKE
SHOCKING!!! the media secret plan EXPOSED - what they don't want you to know!!!,This one weird trick about the media changed everything and experts are FURIOUS!!! Everyone is talking about how the banned report was secretly changed overnight and NOBODY is asking questions!!! The fact that this is not on the news proves EVERYTHING!!!,entertainment,13-Jun-20,FAKE
You won't BELIEVE what insiders revealed about 5G networks - banned truth!!!,Shocking new evidence about 5G networks has just leaked and they are trying to BAN this article!!! A former employee who wants to stay completely anonymous said the truth about the deleted files is UNBELIEVABLE!!! The fact that this is not on the news proves EVERYTHING!!!,politics,05-May-19,FAKE
MIRACLE cure for the election discovered - doctors HATE this one trick!!!,WAKE UP people!!! the election is a total LIE and we have PROOF!!! They deleted the evidence about the deleted files but we saved it - share this before it disappears!!! The fact that this is not on the news proves EVERYTHING!!!,conspiracies,02-Dec-20,FAKE
Officials review health figures in hospital records,A report published on 04-Dec-19 describes how health developments were documented by the agency. The agency stated that further updates concerning hospital would be provided during the next scheduled briefing. The office declined to comment beyond the prepared statement.,technology,13-Apr-21,REAL
You won't BELIEVE what insiders revealed about the government - banned truth!!!,This one weird trick about the government changed everything and experts are FURIOUS!!! Everyone is talking about how the secret footage was secretly changed overnight and NOBODY is asking questions!!! SHARE THIS before it gets taken down!!! WAKE UP!!!,entertainment,29-Jun-21,FAKE
SHOCKING!!! the election secret plan EXPOSED - what they don't want you to know!!!,Shocking new evidence about the election has just leaked and they are trying to BAN this article!!! Everyone is talking about how the deleted files was secretly changed overnight and NOBODY is asking questions!!! If you believe the official story you are being DECEIVED!!! Wake up sheeple!!!,health,03-Apr-19,FAKE
"BOMBSHELL: the government conspiracy finally uncovered, mainstream media silent!!!",WAKE UP people!!! the government is a total LIE and we have PROOF!!! Everyone is talking about how the deleted files was secretly changed overnight and NOBODY is asking questions!!! The fact that this is not on the news proves EVERYTHING!!!,world,19-Feb-21,FAKE
MIRACLE cure for the media discovered - doctors HATE this one trick!!!,This one weird trick about the media changed everything and experts are FURIOUS!!! Everyone is talking about how the deleted files was secretly changed overnight and NOBODY is asking questions!!! Comment your reaction NOW and tag everyone you know!!!,conspiracies,12-Apr-21,FAKE
Economy update issued after markets review,"Analysts said on 13-Jun-21 that economy indicators remained within the expected range, citing official records. The announcement followed a month-long review in which the numbers were cross-checked against records from markets. The office declined to comment beyond the prepared statement.",business,21-Mar-19,REAL
Diplomatic update issued after treaty review,Officials confirmed on 14-Jun-21 that diplomatic figures were released following a routine review. The agency stated that further updates concerning treaty would be provided during the next scheduled briefing. No unusual activity was reported in connection with the matter.,technology,16-Jan-19,REAL
Officials review technology figures in research records,Officials confirmed on 02-Jul-20 that technology figures were released following a routine review. A spokesperson said the findings in research were based on filings submitted under existing disclosure rules. No unusual activity was reported in connection with the matter.,sports,11-Sep-20,REAL
SHOCKING!!! the media secret plan EXPOSED - what they don't want you to know!!!,Shocking new evidence about the media has just leaked and they are trying to BAN this article!!! A former employee who wants to stay completely anonymous said the truth about the secret footage is UNBELIEVABLE!!! Comment your reaction NOW and tag everyone you know!!!,health,07-Nov-20,FAKE
Technology update issued after software review,The ministry announced on 04-Apr-19 that technology statistics had been verified by an independent auditor. A spokesperson said the findings in software were based on filings submitted under existing disclosure rules. The office declined to comment beyond the prepared statement.,politics,29-Feb-20,REAL
You won't BELIEVE what insiders revealed about vaccines - banned truth!!!,WAKE UP people!!! vaccines is a total LIE and we have PROOF!!! They deleted the evidence about the secret footage but we saved it - share this before it disappears!!! Comment your reaction NOW and tag everyone you know!!!,politics,20-Mar-20,FAKE
Health update issued after vaccine programme review,The ministry announced on 15-May-21 that health statistics had been verified by an independent auditor. Independent observers who reviewed the materials in vaccine programme described the process as routine and orderly. No unusual activity was reported in connection with the matter.,sports,29-Apr-21,REAL
You won't BELIEVE what insiders revealed about the media - banned truth!!!,This one weird trick about the media changed everything and experts are FURIOUS!!! A former employee who wants to stay completely anonymous said the truth about the leaked memo is UNBELIEVABLE!!! The fact that this is not on the news proves EVERYTHING!!!,conspiracies,22-Mar-19,FAKE
SHOCKING!!! the media secret plan EXPOSED - what they don't want you to know!!!,Shocking new evidence about the media has just leaked and they are trying to BAN this article!!! Documents that nobody can verify (for reasons that are OBVIOUS) show that the leaked memo was hidden from YOU!!! The fact that this is not on the news proves EVERYTHING!!!,health,19-Oct-19,FAKE
BREAKING: the media scandal destroys everything - share before it's deleted!!!,WAKE UP people!!! the media is a total LIE and we have PROOF!!! Documents that nobody can verify (for reasons that are OBVIOUS) show that the deleted files was hidden from YOU!!! SHARE THIS before it gets taken down!!! WAKE UP!!!,entertainment,25-Sep-21,FAKE
Economy update issued after inflation review,A report published on 07-Jan-21 describes how economy developments were documented by the agency. The agency stated that further updates concerning inflation would be provided during the next scheduled briefing. The office declined to comment beyond the prepared statement.,world,08-Dec-20,REAL
Diplomatic update issued after treaty review,"Analysts said on 29-Jul-20 that diplomatic indicators remained within the expected range, citing official records. A spokesperson said the findings in treaty were based on filings submitted under existing disclosure rules. The office declined to comment beyond the prepared statement.",business,25-Apr-21,REAL
You won't BELIEVE what insiders revealed about the government - banned truth!!!,Insiders whispered the TRUTH about the government and it is worse than you could ever imagine!!! Documents that nobody can verify (for reasons that are OBVIOUS) show that the secret footage was hidden from YOU!!! SHARE THIS before it gets taken down!!! WAKE UP!!!,entertainment,19-Mar-21,FAKE
BREAKING: the election scandal destroys everything - share before it's deleted!!!,WAKE UP people!!! the election is a total LIE and we have PROOF!!! Everyone is talking about how the secret footage was secretly changed overnight and NOBODY is asking questions!!! SHARE THIS before it gets taken down!!! WAKE UP!!!,politics,16-Oct-20,FAKE
You won't BELIEVE what insiders revealed about vaccines - banned truth!!!,The mainstream media will NEVER show you this about vaccines - 100% guaranteed!!! A former employee who wants to stay completely anonymous said the truth about the secret footage is UNBELIEVABLE!!! The fact that this is not on the news proves EVERYTHING!!!,politics,22-Apr-21,FAKE
SHOCKING!!! 5G networks secret plan EXPOSED - what they don't want you to know!!!,The mainstream media will NEVER show you this about 5G networks - 100% guaranteed!!! Anonymous sources claim that the leaked memo proves the entire thing was staged from the beginning!!! SHARE THIS before it gets taken down!!! WAKE UP!!!,world,02-Nov-20,FAKE
Officials review health figures in hospital records,"Analysts said on 12-Oct-20 that health indicators remained within the expected range, citing official records. A spokesperson said the findings in hospital were based on filings submitted under existing disclosure rules. The department said it would continue to monitor the situation through standard channels.",technology,04-Oct-19,REAL
MIRACLE cure for the government discovered - doctors HATE this one trick!!!,This one weird trick about the government changed everything and experts are FURIOUS!!! Everyone is talking about how the banned report was secretly changed overnight and NOBODY is asking questions!!! SHARE THIS before it gets taken down!!! WAKE UP!!!,health,30-Jan-19,FAKE
Officials review economy figures in trade records,"According to a statement issued on 21-Jul-21, the department reviewed economy data for the quarter. The announcement followed a month-long review in which the numbers were cross-checked against records from trade. No unusual activity was reported in connection with the matter.",technology,19-Jul-20,REAL
Health update issued after clinic review,A report published on 22-Sep-20 describes how health developments were documented by the agency. A spokesperson said the findings in clinic were based on filings submitted under existing disclosure rules. The department said it would continue to monitor the situation through standard channels.,politics,06-Aug-20,REAL
Officials review government figures in ministry records,"Analysts said on 13-Nov-19 that government indicators remained within the expected range, citing official records. The agency stated that further updates concerning ministry would be provided during the next scheduled briefing. Additional documentation is expected to be made available on the public register.",business,21-Jul-20,REAL
Health update issued after public health review,"Analysts said on 28-Apr-21 that health indicators remained within the expected range, citing official records. Independent observers who reviewed the materials in public health described the process as routine and orderly. The office declined to comment beyond the prepared statement.",business,01-May-20,REAL
Officials review government figures in budget records,A report published on 22-Mar-21 describes how government developments were documented by the agency. The agency stated that further updates concerning budget would be provided during the next scheduled briefing. No unusual activity was reported in connection with the matter.,health,24-Apr-20,REAL
Diplomatic update issued after summit review,"Analysts said on 03-Feb-20 that diplomatic indicators remained within the expected range, citing official records. A spokesperson said the findings in summit were based on filings submitted under existing disclosure rules. Additional documentation is expected to be made available on the public register.",politics,06-Aug-21,REAL
Diplomatic update issued after treaty review,"Analysts said on 10-Jul-21 that diplomatic indicators remained within the expected range, citing official records. The announcement followed a month-long review in which the numbers were cross-checked against records from treaty. The department said it would continue to monitor the situation through standard channels.",technology,29-Jul-21,REAL
BREAKING: the election scandal destroys everything - share before it's deleted!!!,Insiders whispered the TRUTH about the election and it is worse than you could ever imagine!!! Everyone is talking about how the banned report was secretly changed overnight and NOBODY is asking questions!!! SHARE THIS before it gets taken down!!! WAKE UP!!!,entertainment,02-Jun-19,FAKE
SHOCKING!!! the government secret plan EXPOSED - what they don't want you to know!!!,The mainstream media will NEVER show you this about the government - 100% guaranteed!!! Everyone is talking about how the deleted files was secretly changed overnight and NOBODY is asking questions!!! SHARE THIS before it gets taken down!!! WAKE UP!!!,politics,27-May-19,FAKE
Officials review health figures in clinic records,"Analysts said on 07-Apr-20 that health indicators remained within the expected range, citing official records. The announcement followed a month-long review in which the numbers were cross-checked against records from clinic. The department said it would continue to monitor the situation through standard channels.",business,22-Jan-19,REAL
"BOMBSHELL: vaccines conspiracy finally uncovered, mainstream media silent!!!",Shocking new evidence about vaccines has just leaked and they are trying to BAN this article!!! Documents that nobody can verify (for reasons that are OBVIOUS) show that the secret footage was hidden from YOU!!! SHARE THIS before it gets taken down!!! WAKE UP!!!,politics,07-Mar-20,FAKE
You won't BELIEVE what insiders revealed about 5G networks - banned truth!!!,WAKE UP people!!! 5G networks is a total LIE and we have PROOF!!! Documents that nobody can verify (for reasons that are OBVIOUS) show that the leaked memo was hidden from YOU!!! Comment your reaction NOW and tag everyone you know!!!,world,15-Jan-21,FAKE
Health update issued after public health review,"Analysts said on 26-Jan-20 that health indicators remained within the expected range, citing official records. Researchers noted that the results, published in public health, are consistent with data collected over the previous year. No unusual activity was reported in connection with the matter.",technology,26-Jan-19,REAL
BREAKING: the government scandal destroys everything - share before it's deleted!!!,The mainstream media will NEVER show you this about the government - 100% guaranteed!!! Documents that nobody can verify (for reasons that are OBVIOUS) show that the banned report was hidden from YOU!!! SHARE THIS before it gets taken down!!! WAKE UP!!!,conspiracies,08-Apr-19,FAKE
Officials review technology figures in engineering records,"The ministry announced on 06-Sep-21 that technology statistics had been verified by an independent auditor. Researchers noted that the results, published in engineering, are consistent with data collected over the previous year. No unusual activity was reported in connection with the matter.",business,27-Jul-19,REAL
"BOMBSHELL: the media conspiracy finally uncovered, mainstream media silent!!!",This one weird trick about the media changed everything and experts are FURIOUS!!! Documents that nobody can verify (for reasons that are OBVIOUS) show that the banned report was hidden from YOU!!! SHARE THIS before it gets taken down!!! WAKE UP!!!,entertainment,17-Jan-20,FAKE
Economy update issued after trade review,"According to a statement issued on 18-Dec-19, the department reviewed economy data for the quarter. The agency stated that further updates concerning trade would be provided during the next scheduled briefing. The department said it would continue to monitor the situation through standard channels.",business,02-May-20,REAL
MIRACLE cure for 5G networks discovered - doctors HATE this one trick!!!,Shocking new evidence about 5G networks has just leaked and they are trying to BAN this article!!! A former employee who wants to stay completely anonymous said the truth about the deleted files is UNBELIEVABLE!!! The fact that this is not on the news proves EVERYTHING!!!,health,31-May-20,FAKE
You won't BELIEVE what insiders revealed about the media - banned truth!!!,Insiders whispered the TRUTH about the media and it is worse than you could ever imagine!!! Everyone is talking about how the banned report was secretly changed overnight and NOBODY is asking questions!!! SHARE THIS before it gets taken down!!! WAKE UP!!!,conspiracies,25-Dec-20,FAKE
"BOMBSHELL: vaccines conspiracy finally uncovered, mainstream media silent!!!",The mainstream media will NEVER show you this about vaccines - 100% guaranteed!!! Documents that nobody can verify (for reasons that are OBVIOUS) show that the deleted files was hidden from YOU!!! Comment your reaction NOW and tag everyone you know!!!,politics,07-Feb-19,FAKE
Officials review health figures in public health records,Officials confirmed on 16-Feb-19 that health figures were released following a routine review. A spokesperson said the findings in public health were based on filings submitted under existing disclosure rules. The office declined to comment beyond the prepared statement.,sports,30-Jan-21,REAL
You won't BELIEVE what insiders revealed about vaccines - banned truth!!!,Shocking new evidence about vaccines has just leaked and they are trying to BAN this article!!! Anonymous sources claim that the leaked memo proves the entire thing was staged from the beginning!!! Comment your reaction NOW and tag everyone you know!!!,politics,14-Apr-20,FAKE
Officials review government figures in legislation records,"A report published on 11-Dec-20 describes how government developments were documented by the agency. Researchers noted that the results, published in legislation, are consistent with data collected over the previous year. No unusual activity was reported in connection with the matter.",politics,28-Oct-19,REAL
Government update issued after legislation review,A report published on 09-Jun-20 describes how government developments were documented by the agency. The agency stated that further updates concerning legislation would be provided during the next scheduled briefing. The office declined to comment beyond the prepared statement.,health,18-Apr-20,REAL
You won't BELIEVE what insiders revealed about the election - banned truth!!!,WAKE UP people!!! the election is a total LIE and we have PROOF!!! Everyone is talking about how the deleted files was secretly changed overnight and NOBODY is asking questions!!! If you believe the official story you are being DECEIVED!!! Wake up sheeple!!!,health,04-Sep-19,FAKE
Officials review technology figures in engineering records,"Officials confirmed on 06-Mar-19 that technology figures were released following a routine review. Researchers noted that the results, published in engineering, are consistent with data collected over the previous year. Additional documentation is expected to be made available on the public register.",sports,21-Jun-20,REAL
"BOMBSHELL: the government conspiracy finally uncovered, mainstream media silent!!!",Insiders whispered the TRUTH about the government and it is worse than you could ever imagine!!! A former employee who wants to stay completely anonymous said the truth about the leaked memo is UNBELIEVABLE!!! If you believe the official story you are being DECEIVED!!! Wake up sheeple!!!,world,27-Apr-21,FAKE
SHOCKING!!! the government secret plan EXPOSED - what they don't want you to know!!!,Shocking new evidence about the government has just leaked and they are trying to BAN this article!!! A former employee who wants to stay completely anonymous said the truth about the banned report is UNBELIEVABLE!!! The fact that this is not on the news proves EVERYTHING!!!,world,18-Sep-19,FAKE
Officials review economy figures in trade records,"According to a statement issued on 02-Dec-19, the department reviewed economy data for the quarter. The announcement followed a month-long review in which the numbers were cross-checked against records from trade. No unusual activity was reported in connection with the matter.",technology,29-Jun-19,REAL
Government update issued after parliament review,A report published on 12-Mar-19 describes how government developments were documented by the agency. Independent observers who reviewed the materials in parliament described the process as routine and orderly. No unusual activity was reported in connection with the matter.,world,18-Feb-20,REAL
Officials review health figures in clinic records,"Analysts said on 06-Feb-20 that health indicators remained within the expected range, citing official records. Independent observers who reviewed the materials in clinic described the process as routine and orderly. No unusual activity was reported in connection with the matter.",technology,24-Sep-20,REAL
You won't BELIEVE what insiders revealed about 5G networks - banned truth!!!,The mainstream media will NEVER show you this about 5G networks - 100% guaranteed!!! A former employee who wants to stay completely anonymous said the truth about the secret footage is UNBELIEVABLE!!! Comment your reaction NOW and tag everyone you know!!!,conspiracies,27-Dec-20,FAKE
BREAKING: the government scandal destroys everything - share before it's deleted!!!,WAKE UP people!!! the government is a total LIE and we have PROOF!!! Everyone is talking about how the deleted files was secretly changed overnight and NOBODY is asking questions!!! If you believe the official story you are being DECEIVED!!! Wake up sheeple!!!,world,15-Dec-19,FAKE
SHOCKING!!! the government secret plan EXPOSED - what they don't want you to know!!!,Insiders whispered the TRUTH about the government and it is worse than you could ever imagine!!! Anonymous sources claim that the deleted files proves the entire thing was staged from the beginning!!! SHARE THIS before it gets taken down!!! WAKE UP!!!,entertainment,14-Nov-20,FAKE
Government update issued after ministry review,"A report published on 14-Oct-20 describes how government developments were documented by the agency. Researchers noted that the results, published in ministry, are consistent with data collected over the previous year. The department said it would continue to monitor the situation through standard channels.",health,23-Dec-20,REAL
Officials review health figures in public health records,"According to a statement issued on 04-Jan-20, the department reviewed health data for the quarter. Independent observers who reviewed the materials in public health described the process as routine and orderly. The office declined to comment beyond the prepared statement.",sports,25-Apr-20,REAL
"BOMBSHELL: the election conspiracy finally uncovered, mainstream media silent!!!",Shocking new evidence about the election has just leaked and they are trying to BAN this article!!! Anonymous sources claim that the secret footage proves the entire thing was staged from the beginning!!! SHARE THIS before it gets taken down!!! WAKE UP!!!,entertainment,20-May-19,FAKE
Technology update issued after research review,"Analysts said on 01-Oct-19 that technology indicators remained within the expected range, citing official records. The announcement followed a month-long review in which the numbers were cross-checked against records from research. Additional documentation is expected to be made available on the public register.",health,16-Aug-20,REAL
"BOMBSHELL: the government conspiracy finally uncovered, mainstream media silent!!!",The mainstream media will NEVER show you this about the government - 100% guaranteed!!! Everyone is talking about how the leaked memo was secretly changed overnight and NOBODY is asking questions!!! SHARE THIS before it gets taken down!!! WAKE UP!!!,conspiracies,09-Feb-21,FAKE
You won't BELIEVE what insiders revealed about 5G networks - banned truth!!!,Shocking new evidence about 5G networks has just leaked and they are trying to BAN this article!!! A former employee who wants to stay completely anonymous said the truth about the leaked memo is UNBELIEVABLE!!! The fact that this is not on the news proves EVERYTHING!!!,health,29-Jul-19,FAKE
You won't BELIEVE what insiders revealed about the election - banned truth!!!,The mainstream media will NEVER show you this about the election - 100% guaranteed!!! Everyone is talking about how the deleted files was secretly changed overnight and NOBODY is asking questions!!! Comment your reaction NOW and tag everyone you know!!!,politics,08-Apr-19,FAKE
BREAKING: the media scandal destroys everything - share before it's deleted!!!,Shocking new evidence about the media has just leaked and they are trying to BAN this article!!! Everyone is talking about how the banned report was secretly changed overnight and NOBODY is asking questions!!! The fact that this is not on the news proves EVERYTHING!!!,politics,11-Feb-19,FAKE
BREAKING: vaccines scandal destroys everything - share before it's deleted!!!,Insiders whispered the TRUTH about vaccines and it is worse than you could ever imagine!!! Anonymous sources claim that the secret footage proves the entire thing was staged from the beginning!!! Comment your reaction NOW and tag everyone you know!!!,politics,23-Feb-19,FAKE
Officials review health figures in vaccine programme records,"A report published on 07-Jul-20 describes how health developments were documented by the agency. Researchers noted that the results, published in vaccine programme, are consistent with data collected over the previous year. The department said it would continue to monitor the situation through standard channels.",politics,15-May-19,REAL
Officials review economy figures in employment records,"Analysts said on 21-Dec-20 that economy indicators remained within the expected range, citing official records. A spokesperson said the findings in employment were based on filings submitted under existing disclosure rules. Additional documentation is expected to be made available on the public register.",sports,13-Feb-19,REAL
SHOCKING!!! 5G networks secret plan EXPOSED - what they don't want you to know!!!,WAKE UP people!!! 5G networks is a total LIE and we have PROOF!!! A former employee who wants to stay completely anonymous said the truth about the banned report is UNBELIEVABLE!!! Comment your reaction NOW and tag everyone you know!!!,health,11-Jan-21,FAKE
BREAKING: the election scandal destroys everything - share before it's deleted!!!,Insiders whispered the TRUTH about the election and it is worse than you could ever imagine!!! Documents that nobody can verify (for reasons that are OBVIOUS) show that the leaked memo was hidden from YOU!!! Comment your reaction NOW and tag everyone you know!!!,world,17-Jul-19,FAKE
MIRACLE cure for vaccines discovered - doctors HATE this one trick!!!,WAKE UP people!!! vaccines is a total LIE and we have PROOF!!! Everyone is talking about how the deleted files was secretly changed overnight and NOBODY is asking questions!!! If you believe the official story you are being DECEIVED!!! Wake up sheeple!!!,world,10-Jun-21,FAKE
Economy update issued after employment review,"According to a statement issued on 05-Jun-20, the department reviewed economy data for the quarter. Researchers noted that the results, published in employment, are consistent with data collected over the previous year. The office declined to comment beyond the prepared statement.",technology,07-Sep-19,REAL
MIRACLE cure for the government discovered - doctors HATE this one trick!!!,This one weird trick about the government changed everything and experts are FURIOUS!!! A former employee who wants to stay completely anonymous said the truth about the leaked memo is UNBELIEVABLE!!! SHARE THIS before it gets taken down!!! WAKE UP!!!,entertainment,03-Jul-21,FAKE
Officials review government figures in budget records,"Analysts said on 18-Jul-21 that government indicators remained within the expected range, citing official records. Researchers noted that the results, published in budget, are consistent with data collected over the previous year. The office declined to comment beyond the prepared statement.",technology,21-Jun-21,REAL
Economy update issued after markets review,The ministry announced on 14-Feb-19 that economy statistics had been verified by an independent auditor. The agency stated that further updates concerning markets would be provided during the next scheduled briefing. Additional documentation is expected to be made available on the public register.,world,19-Sep-21,REAL
You won't BELIEVE what insiders revealed about vaccines - banned truth!!!,WAKE UP people!!! vaccines is a total LIE and we have PROOF!!! Anonymous sources claim that the deleted files proves the entire thing was staged from the beginning!!! Comment your reaction NOW and tag everyone you know!!!,health,20-Sep-21,FAKE
Health update issued after vaccine programme review,The ministry announced on 04-Sep-21 that health statistics had been verified by an independent auditor. The announcement followed a month-long review in which the numbers were cross-checked against records from vaccine programme. No unusual activity was reported in connection with the matter.,politics,26-Sep-19,REAL
You won't BELIEVE what insiders revealed about vaccines - banned truth!!!,Insiders whispered the TRUTH about vaccines and it is worse than you could ever imagine!!! They deleted the evidence about the banned report but we saved it - share this before it disappears!!! SHARE THIS before it gets taken down!!! WAKE UP!!!,politics,01-May-21,FAKE
Officials review government figures in parliament records,A report published on 17-Feb-19 describes how government developments were documented by the agency. The agency stated that further updates concerning parliament would be provided during the next scheduled briefing. Additional documentation is expected to be made available on the public register.,world,03-Jul-19,REAL
Health update issued after clinic review,A report published on 05-Feb-19 describes how health developments were documented by the agency. Independent observers who reviewed the materials in clinic described the process as routine and orderly. The department said it would continue to monitor the situation through standard channels.,technology,26-Feb-20,REAL
Economy update issued after employment review,"According to a statement issued on 29-Aug-19, the department reviewed economy data for the quarter. The announcement followed a month-long review in which the numbers were cross-checked against records from employment. No unusual activity was reported in connection with the matter.",politics,05-May-21,REAL
SHOCKING!!! the media secret plan EXPOSED - what they don't want you to know!!!,Insiders whispered the TRUTH about the media and it is worse than you could ever imagine!!! A former employee who wants to stay completely anonymous said the truth about the secret footage is UNBELIEVABLE!!! If you believe the official story you are being DECEIVED!!! Wake up sheeple!!!,conspiracies,06-Apr-20,FAKE
BREAKING: the media scandal destroys everything - share before it's deleted!!!,This one weird trick about the media changed everything and experts are FURIOUS!!! Anonymous sources claim that the secret footage proves the entire thing was staged from the beginning!!! The fact that this is not on the news proves EVERYTHING!!!,health,20-Apr-20,FAKE
You won't BELIEVE what insiders revealed about 5G networks - banned truth!!!,This one weird trick about 5G networks changed everything and experts are FURIOUS!!! They deleted the evidence about the secret footage but we saved it - share this before it disappears!!! Comment your reaction NOW and tag everyone you know!!!,conspiracies,09-May-20,FAKE
You won't BELIEVE what insiders revealed about vaccines - banned truth!!!,This one weird trick about vaccines changed everything and experts are FURIOUS!!! Everyone is talking about how the banned report was secretly changed overnight and NOBODY is asking questions!!! SHARE THIS before it gets taken down!!! WAKE UP!!!,world,08-May-21,FAKE
SHOCKING!!! the media secret plan EXPOSED - what they don't want you to know!!!,The mainstream media will NEVER show you this about the media - 100% guaranteed!!! Documents that nobody can verify (for reasons that are OBVIOUS) show that the deleted files was hidden from YOU!!! If you believe the official story you are being DECEIVED!!! Wake up sheeple!!!,conspiracies,10-Apr-20,FAKE
"BOMBSHELL: vaccines conspiracy finally uncovered, mainstream media silent!!!",Shocking new evidence about vaccines has just leaked and they are trying to BAN this article!!! Everyone is talking about how the deleted files was secretly changed overnight and NOBODY is asking questions!!! If you believe the official story you are being DECEIVED!!! Wake up sheeple!!!,entertainment,25-Sep-21,FAKE
BREAKING: the election scandal destroys everything - share before it's deleted!!!,WAKE UP people!!! the election is a total LIE and we have PROOF!!! Anonymous sources claim that the banned report proves the entire thing was staged from the beginning!!! If you believe the official story you are being DECEIVED!!! Wake up sheeple!!!,world,12-Jun-20,FAKE
Government update issued after budget review,"According to a statement issued on 24-Nov-19, the department reviewed government data for the quarter. A spokesperson said the findings in budget were based on filings submitted under existing disclosure rules. No unusual activity was reported in connection with the matter.",sports,16-Oct-20,REAL
You won't BELIEVE what insiders revealed about the election - banned truth!!!,Shocking new evidence about the election has just leaked and they are trying to BAN this article!!! A former employee who wants to stay completely anonymous said the truth about the deleted files is UNBELIEVABLE!!! If you believe the official story you are being DECEIVED!!! Wake up sheeple!!!,world,22-Jul-19,FAKE
You won't BELIEVE what insiders revealed about the election - banned truth!!!,This one weird trick about the election changed everything and experts are FURIOUS!!! Anonymous sources claim that the secret footage proves the entire thing was staged from the beginning!!! The fact that this is not on the news proves EVERYTHING!!!,world,03-Nov-19,FAKE
You won't BELIEVE what insiders revealed about 5G networks - banned truth!!!,Insiders whispered the TRUTH about 5G networks and it is worse than you could ever imagine!!! Anonymous sources claim that the deleted files proves the entire thing was staged from the beginning!!! Comment your reaction NOW and tag everyone you know!!!,politics,11-May-19,FAKE
MIRACLE cure for the election discovered - doctors HATE this one trick!!!,This one weird trick about the election changed everything and experts are FURIOUS!!! They deleted the evidence about the banned report but we saved it - share this before it disappears!!! The fact that this is not on the news proves EVERYTHING!!!,health,08-Nov-19,FAKE
MIRACLE cure for the government discovered - doctors HATE this one trick!!!,The mainstream media will NEVER show you this about the government - 100% guaranteed!!! They deleted the evidence about the leaked memo but we saved it - share this before it disappears!!! Comment your reaction NOW and tag everyone you know!!!,conspiracies,08-Apr-20,FAKE
Government update issued after legislation review,The ministry announced on 05-Nov-20 that government statistics had been verified by an independent auditor. Independent observers who reviewed the materials in legislation described the process as routine and orderly. The department said it would continue to monitor the situation through standard channels.,politics,27-Jun-20,REAL
SHOCKING!!! vaccines secret plan EXPOSED - what they don't want you to know!!!,WAKE UP people!!! vaccines is a total LIE and we have PROOF!!! Anonymous sources claim that the deleted files proves the entire thing was staged from the beginning!!! The fact that this is not on the news proves EVERYTHING!!!,conspiracies,02-Mar-20,FAKE
Officials review diplomatic figures in diplomacy records,"According to a statement issued on 13-Aug-20, the department reviewed diplomatic data for the quarter. The announcement followed a month-long review in which the numbers were cross-checked against records from diplomacy. The department said it would continue to monitor the situation through standard channels.",sports,28-Mar-20,REAL
MIRACLE cure for the government discovered - doctors HATE this one trick!!!,WAKE UP people!!! the government is a total LIE and we have PROOF!!! Documents that nobody can verify (for reasons that are OBVIOUS) show that the leaked memo was hidden from YOU!!! The fact that this is not on the news proves EVERYTHING!!!,conspiracies,26-Nov-20,FAKE
Technology update issued after semiconductors review,"Officials confirmed on 13-Dec-20 that technology figures were released following a routine review. Researchers noted that the results, published in semiconductors, are consistent with data collected over the previous year. No unusual activity was reported in connection with the matter.",technology,11-Dec-20,REAL
Health update issued after hospital review,"According to a statement issued on 28-Aug-21, the department reviewed health data for the quarter. Independent observers who reviewed the materials in hospital described the process as routine and orderly. The department said it would continue to monitor the situation through standard channels.",world,06-May-21,REAL
Officials review technology figures in research records,"Analysts said on 14-Aug-21 that technology indicators remained within the expected range, citing official records. The announcement followed a month-long review in which the numbers were cross-checked against records from research. No unusual activity was reported in connection with the matter.",world,07-Oct-19,REAL
BREAKING: 5G networks scandal destroys everything - share before it's deleted!!!,Insiders whispered the TRUTH about 5G networks and it is worse than you could ever imagine!!! A former employee who wants to stay completely anonymous said the truth about the deleted files is UNBELIEVABLE!!! Comment your reaction NOW and tag everyone you know!!!,world,31-Dec-20,FAKE
Diplomatic update issued after summit review,"Analysts said on 22-May-21 that diplomatic indicators remained within the expected range, citing official records. The agency stated that further updates concerning summit would be provided during the next scheduled briefing. Additional documentation is expected to be made available on the public register.",politics,17-Feb-19,REAL
Diplomatic update issued after diplomacy review,The ministry announced on 22-Mar-19 that diplomatic statistics had been verified by an independent auditor. Independent observers who reviewed the materials in diplomacy described the process as routine and orderly. Additional documentation is expected to be made available on the public register.,health,25-Jun-21,REAL
Technology update issued after semiconductors review,Officials confirmed on 23-Sep-21 that technology figures were released following a routine review. Independent observers who reviewed the materials in semiconductors described the process as routine and orderly. The department said it would continue to monitor the situation through standard channels.,business,18-Jul-20,REAL
"BOMBSHELL: vaccines conspiracy finally uncovered, mainstream media silent!!!",Insiders whispered the TRUTH about vaccines and it is worse than you could ever imagine!!! A former employee who wants to stay completely anonymous said the truth about the banned report is UNBELIEVABLE!!! Comment your reaction NOW and tag everyone you know!!!,politics,01-Jul-20,FAKE
Diplomatic update issued after border talks review,"According to a statement issued on 17-Feb-19, the department reviewed diplomatic data for the quarter. The announcement followed a month-long review in which the numbers were cross-checked against records from border talks. Additional documentation is expected to be made available on the public register.",health,04-Nov-20,REAL
Technology update issued after semiconductors review,"Analysts said on 23-Jun-21 that technology indicators remained within the expected range, citing official records. A spokesperson said the findings in semiconductors were based on filings submitted under existing disclosure rules. The office declined to comment beyond the prepared statement.",technology,05-Jan-19,REAL
Officials review economy figures in inflation records,The ministry announced on 30-May-20 that economy statistics had been verified by an independent auditor. Independent observers who reviewed the materials in inflation described the process as routine and orderly. Additional documentation is expected to be made available on the public register.,politics,02-Nov-19,REAL
MIRACLE cure for the election discovered - doctors HATE this one trick!!!,Shocking new evidence about the election has just leaked and they are trying to BAN this article!!! Anonymous sources claim that the leaked memo proves the entire thing was staged from the beginning!!! SHARE THIS before it gets taken down!!! WAKE UP!!!,conspiracies,13-Mar-21,FAKE
Health update issued after vaccine programme review,Officials confirmed on 16-Feb-19 that health figures were released following a routine review. A spokesperson said the findings in vaccine programme were based on filings submitted under existing disclosure rules. Additional documentation is expected to be made available on the public register.,world,06-Jun-21,REAL
Economy update issued after employment review,Officials confirmed on 23-Aug-19 that economy figures were released following a routine review. The agency stated that further updates concerning employment would be provided during the next scheduled briefing. No unusual activity was reported in connection with the matter.,politics,16-Apr-19,REAL
"BOMBSHELL: 5G networks conspiracy finally uncovered, mainstream media silent!!!",Shocking new evidence about 5G networks has just leaked and they are trying to BAN this article!!! A former employee who wants to stay completely anonymous said the truth about the secret footage is UNBELIEVABLE!!! If you believe the official story you are being DECEIVED!!! Wake up sheeple!!!,health,16-Jan-20,FAKE
Officials review technology figures in semiconductors records,Officials confirmed on 16-Feb-21 that technology figures were released following a routine review. A spokesperson said the findings in semiconductors were based on filings submitted under existing disclosure rules. No unusual activity was reported in connection with the matter.,sports,14-Sep-21,REAL
SHOCKING!!! the government secret plan EXPOSED - what they don't want you to know!!!,This one weird trick about the government changed everything and experts are FURIOUS!!! Anonymous sources claim that the banned report proves the entire thing was staged from the beginning!!! SHARE THIS before it gets taken down!!! WAKE UP!!!,world,18-Jun-20,FAKE
Officials review economy figures in markets records,A report published on 05-Aug-19 describes how economy developments were documented by the agency. The announcement followed a month-long review in which the numbers were cross-checked against records from markets. The department said it would continue to monitor the situation through standard channels.,sports,28-Oct-20,REAL
Government update issued after budget review,"Analysts said on 29-Sep-19 that government indicators remained within the expected range, citing official records. A spokesperson said the findings in budget were based on filings submitted under existing disclosure rules. Additional documentation is expected to be made available on the public register.",world,14-Jan-20,REAL
MIRACLE cure for 5G networks discovered - doctors HATE this one trick!!!,The mainstream media will NEVER show you this about 5G networks - 100% guaranteed!!! Documents that nobody can verify (for reasons that are OBVIOUS) show that the leaked memo was hidden from YOU!!! The fact that this is not on the news proves EVERYTHING!!!,world,19-Mar-21,FAKE
BREAKING: the media scandal destroys everything - share before it's deleted!!!,Insiders whispered the TRUTH about the media and it is worse than you could ever imagine!!! Anonymous sources claim that the leaked memo proves the entire thing was staged from the beginning!!! The fact that this is not on the news proves EVERYTHING!!!,politics,09-Mar-21,FAKE
"BOMBSHELL: the election conspiracy finally uncovered, mainstream media silent!!!",Insiders whispered the TRUTH about the election and it is worse than you could ever imagine!!! A former employee who wants to stay completely anonymous said the truth about the leaked memo is UNBELIEVABLE!!! Comment your reaction NOW and tag everyone you know!!!,health,14-Jun-21,FAKE
Officials review diplomatic figures in diplomacy records,Officials confirmed on 14-Jun-20 that diplomatic figures were released following a routine review. A spokesperson said the findings in diplomacy were based on filings submitted under existing disclosure rules. Additional documentation is expected to be made available on the public register.,business,15-Aug-21,REAL
Officials review technology figures in engineering records,Officials confirmed on 27-Jan-20 that technology figures were released following a routine review. The agency stated that further updates concerning engineering would be provided during the next scheduled briefing. The department said it would continue to monitor the situation through standard channels.,world,09-Oct-19,REAL
Diplomatic update issued after treaty review,The ministry announced on 16-Sep-21 that diplomatic statistics had been verified by an independent auditor. The agency stated that further updates concerning treaty would be provided during the next scheduled briefing. The office declined to comment beyond the prepared statement.,business,11-Sep-21,REAL
You won't BELIEVE what insiders revealed about the election - banned truth!!!,This one weird trick about the election changed everything and experts are FURIOUS!!! Anonymous sources claim that the leaked memo proves the entire thing was staged from the beginning!!! SHARE THIS before it gets taken down!!! WAKE UP!!!,world,28-Jun-20,FAKE
BREAKING: the government scandal destroys everything - share before it's deleted!!!,Insiders whispered the TRUTH about the government and it is worse than you could ever imagine!!! Anonymous sources claim that the leaked memo proves the entire thing was staged from the beginning!!! Comment your reaction NOW and tag everyone you know!!!,politics,29-Aug-19,FAKE
Officials review diplomatic figures in diplomacy records,"Analysts said on 23-Jul-19 that diplomatic indicators remained within the expected range, citing official records. Independent observers who reviewed the materials in diplomacy described the process as routine and orderly. The office declined to comment beyond the prepared statement.",health,12-Oct-19,REAL
MIRACLE cure for vaccines discovered - doctors HATE this one trick!!!,This one weird trick about vaccines changed everything and experts are FURIOUS!!! Anonymous sources claim that the banned report proves the entire thing was staged from the beginning!!! Comment your reaction NOW and tag everyone you know!!!,politics,27-Aug-20,FAKE
Officials review health figures in clinic records,Officials confirmed on 27-Nov-20 that health figures were released following a routine review. A spokesperson said the findings in clinic were based on filings submitted under existing disclosure rules. The office declined to comment beyond the prepared statement.,health,01-Apr-20,REAL
Officials review diplomatic figures in border talks records,A report published on 20-Apr-19 describes how diplomatic developments were documented by the agency. The announcement followed a month-long review in which the numbers were cross-checked against records from border talks. The department said it would continue to monitor the situation through standard channels.,health,23-Jun-20,REAL
Diplomatic update issued after summit review,"Analysts said on 20-Oct-20 that diplomatic indicators remained within the expected range, citing official records. The agency stated that further updates concerning summit would be provided during the next scheduled briefing. The office declined to comment beyond the prepared statement.",politics,15-Apr-20,REAL
Government update issued after budget review,"According to a statement issued on 17-Jan-19, the department reviewed government data for the quarter. A spokesperson said the findings in budget were based on filings submitted under existing disclosure rules. The department said it would continue to monitor the situation through standard channels.",sports,20-Apr-21,REAL
Government update issued after parliament review,The ministry announced on 21-May-19 that government statistics had been verified by an independent auditor. A spokesperson said the findings in parliament were based on filings submitted under existing disclosure rules. No unusual activity was reported in connection with the matter.,politics,12-Aug-19,REAL
SHOCKING!!! vaccines secret plan EXPOSED - what they don't want you to know!!!,WAKE UP people!!! vaccines is a total LIE and we have PROOF!!! Anonymous sources claim that the secret footage proves the entire thing was staged from the beginning!!! The fact that this is not on the news proves EVERYTHING!!!,health,24-Dec-20,FAKE
Health update issued after clinic review,A report published on 12-Jun-20 describes how health developments were documented by the agency. The agency stated that further updates concerning clinic would be provided during the next scheduled briefing. Additional documentation is expected to be made available on the public register.,business,13-May-20,REAL
SHOCKING!!! the media secret plan EXPOSED - what they don't want you to know!!!,Shocking new evidence about the media has just leaked and they are trying to BAN this article!!! Anonymous sources claim that the deleted files proves the entire thing was staged from the beginning!!! SHARE THIS before it gets taken down!!! WAKE UP!!!,conspiracies,30-Aug-20,FAKE
SHOCKING!!! vaccines secret plan EXPOSED - what they don't want you to know!!!,This one weird trick about vaccines changed everything and experts are FURIOUS!!! Everyone is talking about how the deleted files was secretly changed overnight and NOBODY is asking questions!!! SHARE THIS before it gets taken down!!! WAKE UP!!!,world,26-Oct-19,FAKE
Government update issued after ministry review,"A report published on 04-Jul-20 describes how government developments were documented by the agency. Researchers noted that the results, published in ministry, are consistent with data collected over the previous year. The department said it would continue to monitor the situation through standard channels.",health,30-Jan-21,REAL
"BOMBSHELL: vaccines conspiracy finally uncovered, mainstream media silent!!!",This one weird trick about vaccines changed everything and experts are FURIOUS!!! Anonymous sources claim that the secret footage proves the entire thing was staged from the beginning!!! The fact that this is not on the news proves EVERYTHING!!!,politics,13-Jan-20,FAKE
Officials review health figures in vaccine programme records,"According to a statement issued on 02-Mar-21, the department reviewed health data for the quarter. The announcement followed a month-long review in which the numbers were cross-checked against records from vaccine programme. No unusual activity was reported in connection with the matter.",health,03-Jan-19,REAL
MIRACLE cure for vaccines discovered - doctors HATE this one trick!!!,Insiders whispered the TRUTH about vaccines and it is worse than you could ever imagine!!! They deleted the evidence about the deleted files but we saved it - share this before it disappears!!! The fact that this is not on the news proves EVERYTHING!!!,conspiracies,04-Jul-19,FAKE
"BOMBSHELL: the media conspiracy finally uncovered, mainstream media silent!!!",This one weird trick about the media changed everything and experts are FURIOUS!!! They deleted the evidence about the deleted files but we saved it - share this before it disappears!!! The fact that this is not on the news proves EVERYTHING!!!,politics,13-Feb-21,FAKE
Officials review technology figures in research records,"Analysts said on 31-May-21 that technology indicators remained within the expected range, citing official records. Researchers noted that the results, published in research, are consistent with data collected over the previous year. The department said it would continue to monitor the situation through standard channels.",health,01-Jan-21,REAL
BREAKING: 5G networks scandal destroys everything - share before it's deleted!!!,Insiders whispered the TRUTH about 5G networks and it is worse than you could ever imagine!!! Documents that nobody can verify (for reasons that are OBVIOUS) show that the banned report was hidden from YOU!!! SHARE THIS before it gets taken down!!! WAKE UP!!!,politics,30-Jun-21,FAKE
Government update issued after budget review,"According to a statement issued on 17-Mar-20, the department reviewed government data for the quarter. The announcement followed a month-long review in which the numbers were cross-checked against records from budget. Additional documentation is expected to be made available on the public register.",sports,18-May-21,REAL
Officials review health figures in vaccine programme records,"Officials confirmed on 10-Feb-20 that health figures were released following a routine review. Researchers noted that the results, published in vaccine programme, are consistent with data collected over the previous year. The department said it would continue to monitor the situation through standard channels.",politics,21-Dec-20,REAL
Officials review technology figures in semiconductors records,A report published on 25-Jan-19 describes how technology developments were documented by the agency. The agency stated that further updates concerning semiconductors would be provided during the next scheduled briefing. Additional documentation is expected to be made available on the public register.,politics,25-Feb-19,REAL
Technology update issued after semiconductors review,A report published on 16-Feb-19 describes how technology developments were documented by the agency. The announcement followed a month-long review in which the numbers were cross-checked against records from semiconductors. Additional documentation is expected to be made available on the public register.,politics,10-Apr-19,REAL
Officials review technology figures in engineering records,The ministry announced on 26-Mar-19 that technology statistics had been verified by an independent auditor. Independent observers who reviewed the materials in engineering described the process as routine and orderly. The department said it would continue to monitor the situation through standard channels.,business,22-Mar-19,REAL
MIRACLE cure for 5G networks discovered - doctors HATE this one trick!!!,Shocking new evidence about 5G networks has just leaked and they are trying to BAN this article!!! They deleted the evidence about the banned report but we saved it - share this before it disappears!!! Comment your reaction NOW and tag everyone you know!!!,world,06-Apr-19,FAKE
You won't BELIEVE what insiders revealed about the government - banned truth!!!,The mainstream media will NEVER show you this about the government - 100% guaranteed!!! Documents that nobody can verify (for reasons that are OBVIOUS) show that the leaked memo was hidden from YOU!!! SHARE THIS before it gets taken down!!! WAKE UP!!!,health,24-Jul-19,FAKE
Officials review health figures in clinic records,"A report published on 17-Feb-21 describes how health developments were documented by the agency. Researchers noted that the results, published in clinic, are consistent with data collected over the previous year. No unusual activity was reported in connection with the matter.",technology,06-May-19,REAL
Officials review diplomatic figures in diplomacy records,"According to a statement issued on 18-Nov-20, the department reviewed diplomatic data for the quarter. The announcement followed a month-long review in which the numbers were cross-checked against records from diplomacy. Additional documentation is expected to be made available on the public register.",sports,17-Aug-20,REAL
BREAKING: the election scandal destroys everything - share before it's deleted!!!,This one weird trick about the election changed everything and experts are FURIOUS!!! Everyone is talking about how the secret footage was secretly changed overnight and NOBODY is asking questions!!! If you believe the official story you are being DECEIVED!!! Wake up sheeple!!!,politics,14-Mar-21,FAKE
MIRACLE cure for the media discovered - doctors HATE this one trick!!!,Shocking new evidence about the media has just leaked and they are trying to BAN this article!!! Documents that nobody can verify (for reasons that are OBVIOUS) show that the deleted files was hidden from YOU!!! If you believe the official story you are being DECEIVED!!! Wake up sheeple!!!,world,03-Feb-19,FAKE
Government update issued after budget review,The ministry announced on 20-Apr-20 that government statistics had been verified by an independent auditor. Independent observers who reviewed the materials in budget described the process as routine and orderly. The office declined to comment beyond the prepared statement.,health,20-Oct-20,REAL
Officials review technology figures in semiconductors records,"Analysts said on 26-Dec-20 that technology indicators remained within the expected range, citing official records. Independent observers who reviewed the materials in semiconductors described the process as routine and orderly. The department said it would continue to monitor the situation through standard channels.",sports,16-Aug-19,REAL
SHOCKING!!! the government secret plan EXPOSED - what they don't want you to know!!!,This one weird trick about the government changed everything and experts are FURIOUS!!! Anonymous sources claim that the secret footage proves the entire thing was staged from the beginning!!! If you believe the official story you are being DECEIVED!!! Wake up sheeple!!!,politics,16-Oct-19,FAKE
Economy update issued after employment review,"A report published on 12-Feb-19 describes how economy developments were documented by the agency. Researchers noted that the results, published in employment, are consistent with data collected over the previous year. Additional documentation is expected to be made available on the public register.",politics,09-Jul-21,REAL
SHOCKING!!! the election secret plan EXPOSED - what they don't want you to know!!!,Shocking new evidence about the election has just leaked and they are trying to BAN this article!!! Documents that nobody can verify (for reasons that are OBVIOUS) show that the leaked memo was hidden from YOU!!! If you believe the official story you are being DECEIVED!!! Wake up sheeple!!!,world,11-Nov-19,FAKE
MIRACLE cure for 5G networks discovered - doctors HATE this one trick!!!,WAKE UP people!!! 5G networks is a total LIE and we have PROOF!!! Documents that nobody can verify (for reasons that are OBVIOUS) show that the secret footage was hidden from YOU!!! The fact that this is not on the news proves EVERYTHING!!!,politics,27-Jun-21,FAKE
Economy update issued after employment review,"According to a statement issued on 10-May-21, the department reviewed economy data for the quarter. Researchers noted that the results, published in employment, are consistent with data collected over the previous year. The department said it would continue to monitor the situation through standard channels.",business,17-Jun-21,REAL
You won't BELIEVE what insiders revealed about 5G networks - banned truth!!!,Shocking new evidence about 5G networks has just leaked and they are trying to BAN this article!!! They deleted the evidence about the leaked memo but we saved it - share this before it disappears!!! The fact that this is not on the news proves EVERYTHING!!!,conspiracies,06-Aug-21,FAKE
"BOMBSHELL: the media conspiracy finally uncovered, mainstream media silent!!!",The mainstream media will NEVER show you this about the media - 100% guaranteed!!! Everyone is talking about how the deleted files was secretly changed overnight and NOBODY is asking questions!!! The fact that this is not on the news proves EVERYTHING!!!,health,12-Jul-20,FAKE
Officials review health figures in public health records,A report published on 07-Dec-20 describes how health developments were documented by the agency. The agency stated that further updates concerning public health would be provided during the next scheduled briefing. Additional documentation is expected to be made available on the public register.,health,14-Aug-21,REAL
MIRACLE cure for vaccines discovered - doctors HATE this one trick!!!,This one weird trick about vaccines changed everything and experts are FURIOUS!!! A former employee who wants to stay completely anonymous said the truth about the banned report is UNBELIEVABLE!!! If you believe the official story you are being DECEIVED!!! Wake up sheeple!!!,conspiracies,03-Nov-19,FAKE
"BOMBSHELL: the election conspiracy finally uncovered, mainstream media silent!!!",Insiders whispered the TRUTH about the election and it is worse than you could ever imagine!!! A former employee who wants to stay completely anonymous said the truth about the deleted files is UNBELIEVABLE!!! If you believe the official story you are being DECEIVED!!! Wake up sheeple!!!,politics,12-Dec-20,FAKE
Economy update issued after markets review,"Analysts said on 29-Aug-21 that economy indicators remained within the expected range, citing official records. Independent observers who reviewed the materials in markets described the process as routine and orderly. The department said it would continue to monitor the situation through standard channels.",technology,19-Aug-21,REAL
You won't BELIEVE what insiders revealed about vaccines - banned truth!!!,Insiders whispered the TRUTH about vaccines and it is worse than you could ever imagine!!! A former employee who wants to stay completely anonymous said the truth about the leaked memo is UNBELIEVABLE!!! SHARE THIS before it gets taken down!!! WAKE UP!!!,entertainment,04-Nov-19,FAKE
SHOCKING!!! the media secret plan EXPOSED - what they don't want you to know!!!,Shocking new evidence about the media has just leaked and they are trying to BAN this article!!! Anonymous sources claim that the banned report proves the entire thing was staged from the beginning!!! Comment your reaction NOW and tag everyone you know!!!,conspiracies,22-Oct-20,FAKE
MIRACLE cure for the media discovered - doctors HATE this one trick!!!,The mainstream media will NEVER show you this about the media - 100% guaranteed!!! Anonymous sources claim that the secret footage proves the entire thing was staged from the beginning!!! SHARE THIS before it gets taken down!!! WAKE UP!!!,world,13-Jul-21,FAKE
Officials review government figures in legislation records,"According to a statement issued on 09-Apr-20, the department reviewed government data for the quarter. Researchers noted that the results, published in legislation, are consistent with data collected over the previous year. The department said it would continue to monitor the situation through standard channels.",world,17-Nov-20,REAL
SHOCKING!!! the election secret plan EXPOSED - what they don't want you to know!!!,This one weird trick about the election changed everything and experts are FURIOUS!!! Everyone is talking about how the leaked memo was secretly changed overnight and NOBODY is asking questions!!! Comment your reaction NOW and tag everyone you know!!!,politics,17-Aug-20,FAKE
Technology update issued after software review,The ministry announced on 04-Apr-20 that technology statistics had been verified by an independent auditor. Independent observers who reviewed the materials in software described the process as routine and orderly. No unusual activity was reported in connection with the matter.,politics,20-Sep-19,REAL
"BOMBSHELL: the media conspiracy finally uncovered, mainstream media silent!!!",WAKE UP people!!! the media is a total LIE and we have PROOF!!! Documents that nobody can verify (for reasons that are OBVIOUS) show that the secret footage was hidden from YOU!!! If you believe the official story you are being DECEIVED!!! Wake up sheeple!!!,health,04-Apr-19,FAKE
Diplomatic update issued after treaty review,"Analysts said on 31-May-21 that diplomatic indicators remained within the expected range, citing official records. The announcement followed a month-long review in which the numbers were cross-checked against records from treaty. No unusual activity was reported in connection with the matter.",health,07-Feb-21,REAL
Officials review health figures in hospital records,"According to a statement issued on 22-Dec-20, the department reviewed health data for the quarter. The agency stated that further updates concerning hospital would be provided during the next scheduled briefing. No unusual activity was reported in connection with the matter.",business,20-May-19,REAL
SHOCKING!!! the media secret plan EXPOSED - what they don't want you to know!!!,Shocking new evidence about the media has just leaked and they are trying to BAN this article!!! A former employee who wants to stay completely anonymous said the truth about the banned report is UNBELIEVABLE!!! Comment your reaction NOW and tag everyone you know!!!,world,30-Jul-19,FAKE
BREAKING: the government scandal destroys everything - share before it's deleted!!!,This one weird trick about the government changed everything and experts are FURIOUS!!! Anonymous sources claim that the leaked memo proves the entire thing was staged from the beginning!!! The fact that this is not on the news proves EVERYTHING!!!,conspiracies,14-Aug-21,FAKE
Officials review technology figures in software records,"Analysts said on 20-Jan-21 that technology indicators remained within the expected range, citing official records. Researchers noted that the results, published in software, are consistent with data collected over the previous year. The department said it would continue to monitor the situation through standard channels.",health,03-Apr-19,REAL
You won't BELIEVE what insiders revealed about 5G networks - banned truth!!!,Insiders whispered the TRUTH about 5G networks and it is worse than you could ever imagine!!! A former employee who wants to stay completely anonymous said the truth about the secret footage is UNBELIEVABLE!!! Comment your reaction NOW and tag everyone you know!!!,conspiracies,27-Nov-20,FAKE
BREAKING: the election scandal destroys everything - share before it's deleted!!!,The mainstream media will NEVER show you this about the election - 100% guaranteed!!! They deleted the evidence about the leaked memo but we saved it - share this before it disappears!!! If you believe the official story you are being DECEIVED!!! Wake up sheeple!!!,health,17-Jul-20,FAKE
Economy update issued after trade review,"Analysts said on 14-Mar-19 that economy indicators remained within the expected range, citing official records. Independent observers who reviewed the materials in trade described the process as routine and orderly. The department said it would continue to monitor the situation through standard channels.",technology,02-Feb-20,REAL
Technology update issued after engineering review,"Analysts said on 20-Oct-19 that technology indicators remained within the expected range, citing official records. The agency stated that further updates concerning engineering would be provided during the next scheduled briefing. No unusual activity was reported in connection with the matter.",politics,26-Jan-20,REAL
Officials review diplomatic figures in summit records,"According to a statement issued on 15-Jun-20, the department reviewed diplomatic data for the quarter. Independent observers who reviewed the materials in summit described the process as routine and orderly. No unusual activity was reported in connection with the matter.",sports,12-Sep-19,REAL
Technology update issued after engineering review,"A report published on 25-May-21 describes how technology developments were documented by the agency. Researchers noted that the results, published in engineering, are consistent with data collected over the previous year. No unusual activity was reported in connection with the matter.",business,11-Jul-20,REAL
You won't BELIEVE what insiders revealed about the election - banned truth!!!,WAKE UP people!!! the election is a total LIE and we have PROOF!!! They deleted the evidence about the secret footage but we saved it - share this before it disappears!!! The fact that this is not on the news proves EVERYTHING!!!,politics,29-Aug-20,FAKE
Officials review government figures in ministry records,A report published on 23-Jun-21 describes how government developments were documented by the agency. A spokesperson said the findings in ministry were based on filings submitted under existing disclosure rules. Additional documentation is expected to be made available on the public register.,business,12-Aug-19,REAL
MIRACLE cure for 5G networks discovered - doctors HATE this one trick!!!,Insiders whispered the TRUTH about 5G networks and it is worse than you could ever imagine!!! Anonymous sources claim that the deleted files proves the entire thing was staged from the beginning!!! Comment your reaction NOW and tag everyone you know!!!,world,15-Mar-20,FAKE
Government update issued after parliament review,"According to a statement issued on 07-Apr-21, the department reviewed government data for the quarter. Independent observers who reviewed the materials in parliament described the process as routine and orderly. The office declined to comment beyond the prepared statement.",health,21-Aug-19,REAL
You won't BELIEVE what insiders revealed about the media - banned truth!!!,This one weird trick about the media changed everything and experts are FURIOUS!!! Everyone is talking about how the leaked memo was secretly changed overnight and NOBODY is asking questions!!! Comment your reaction NOW and tag everyone you know!!!,health,15-Jun-20,FAKE
BREAKING: 5G networks scandal destroys everything - share before it's deleted!!!,Insiders whispered the TRUTH about 5G networks and it is worse than you could ever imagine!!! Anonymous sources claim that the secret footage proves the entire thing was staged from the beginning!!! Comment your reaction NOW and tag everyone you know!!!,entertainment,22-Apr-21,FAKE
Government update issued after legislation review,"Analysts said on 09-May-20 that government indicators remained within the expected range, citing official records. Independent observers who reviewed the materials in legislation described the process as routine and orderly. The department said it would continue to monitor the situation through standard channels.",world,18-Jan-21,REAL
Government update issued after parliament review,"Analysts said on 08-Jan-19 that government indicators remained within the expected range, citing official records. The agency stated that further updates concerning parliament would be provided during the next scheduled briefing. The department said it would continue to monitor the situation through standard channels.",business,23-Feb-20,REAL
Health update issued after vaccine programme review,"According to a statement issued on 17-Nov-19, the department reviewed health data for the quarter. The agency stated that further updates concerning vaccine programme would be provided during the next scheduled briefing. No unusual activity was reported in connection with the matter.",world,29-Jan-21,REAL
MIRACLE cure for the media discovered - doctors HATE this one trick!!!,Insiders whispered the TRUTH about the media and it is worse than you could ever imagine!!! Documents that nobody can verify (for reasons that are OBVIOUS) show that the deleted files was hidden from YOU!!! If you believe the official story you are being DECEIVED!!! Wake up sheeple!!!,health,11-Sep-20,FAKE
Officials review economy figures in trade records,"Analysts said on 13-Jan-20 that economy indicators remained within the expected range, citing official records. The agency stated that further updates concerning trade would be provided during the next scheduled briefing. Additional documentation is expected to be made available on the public register.",sports,17-Jul-20,REAL
Officials review health figures in vaccine programme records,A report published on 31-May-19 describes how health developments were documented by the agency. The announcement followed a month-long review in which the numbers were cross-checked against records from vaccine programme. No unusual activity was reported in connection with the matter.,technology,17-Sep-20,REAL
Officials review technology figures in semiconductors records,"Analysts said on 07-Sep-21 that technology indicators remained within the expected range, citing official records. The announcement followed a month-long review in which the numbers were cross-checked against records from semiconductors. The office declined to comment beyond the prepared statement.",business,19-May-20,REAL
You won't BELIEVE what insiders revealed about the government - banned truth!!!,Insiders whispered the TRUTH about the government and it is worse than you could ever imagine!!! Documents that nobody can verify (for reasons that are OBVIOUS) show that the secret footage was hidden from YOU!!! If you believe the official story you are being DECEIVED!!! Wake up sheeple!!!,entertainment,06-Jan-21,FAKE
Technology update issued after research review,"Analysts said on 15-Mar-20 that technology indicators remained within the expected range, citing official records. Researchers noted that the results, published in research, are consistent with data collected over the previous year. No unusual activity was reported in connection with the matter.",sports,12-Apr-19,REAL
SHOCKING!!! the election secret plan EXPOSED - what they don't want you to know!!!,Shocking new evidence about the election has just leaked and they are trying to BAN this article!!! Everyone is talking about how the leaked memo was secretly changed overnight and NOBODY is asking questions!!! SHARE THIS before it gets taken down!!! WAKE UP!!!,entertainment,16-Aug-21,FAKE
You won't BELIEVE what insiders revealed about the government - banned truth!!!,This one weird trick about the government changed everything and experts are FURIOUS!!! Everyone is talking about how the banned report was secretly changed overnight and NOBODY is asking questions!!! The fact that this is not on the news proves EVERYTHING!!!,conspiracies,17-Mar-21,FAKE
Government update issued after ministry review,"Analysts said on 14-Mar-20 that government indicators remained within the expected range, citing official records. Researchers noted that the results, published in ministry, are consistent with data collected over the previous year. No unusual activity was reported in connection with the matter.",business,13-Jan-19,REAL
Health update issued after public health review,A report published on 30-Apr-21 describes how health developments were documented by the agency. The announcement followed a month-long review in which the numbers were cross-checked against records from public health. Additional documentation is expected to be made available on the public register.,world,07-Feb-21,REAL
You won't BELIEVE what insiders revealed about the government - banned truth!!!,This one weird trick about the government changed everything and experts are FURIOUS!!! Everyone is talking about how the secret footage was secretly changed overnight and NOBODY is asking questions!!! Comment your reaction NOW and tag everyone you know!!!,world,30-Jun-20,FAKE
Officials review government figures in ministry records,The ministry announced on 27-Apr-19 that government statistics had been verified by an independent auditor. The announcement followed a month-long review in which the numbers were cross-checked against records from ministry. The office declined to comment beyond the prepared statement.,health,06-Oct-20,REAL
Government update issued after legislation review,"According to a statement issued on 11-May-21, the department reviewed government data for the quarter. Independent observers who reviewed the materials in legislation described the process as routine and orderly. The office declined to comment beyond the prepared statement.",business,26-Mar-20,REAL
"BOMBSHELL: the government conspiracy finally uncovered, mainstream media silent!!!",WAKE UP people!!! the government is a total LIE and we have PROOF!!! Anonymous sources claim that the deleted files proves the entire thing was staged from the beginning!!! SHARE THIS before it gets taken down!!! WAKE UP!!!,politics,08-Aug-20,FAKE
"BOMBSHELL: vaccines conspiracy finally uncovered, mainstream media silent!!!",WAKE UP people!!! vaccines is a total LIE and we have PROOF!!! Documents that nobody can verify (for reasons that are OBVIOUS) show that the leaked memo was hidden from YOU!!! Comment your reaction NOW and tag everyone you know!!!,world,04-May-21,FAKE
BREAKING: the election scandal destroys everything - share before it's deleted!!!,Insiders whispered the TRUTH about the election and it is worse than you could ever imagine!!! Anonymous sources claim that the deleted files proves the entire thing was staged from the beginning!!! The fact that this is not on the news proves EVERYTHING!!!,politics,07-Jan-19,FAKE
Officials review diplomatic figures in treaty records,Officials confirmed on 02-May-21 that diplomatic figures were released following a routine review. A spokesperson said the findings in treaty were based on filings submitted under existing disclosure rules. Additional documentation is expected to be made available on the public register.,world,06-Nov-19,REAL
"BOMBSHELL: 5G networks conspiracy finally uncovered, mainstream media silent!!!",Insiders whispered the TRUTH about 5G networks and it is worse than you could ever imagine!!! They deleted the evidence about the deleted files but we saved it - share this before it disappears!!! Comment your reaction NOW and tag everyone you know!!!,entertainment,27-Feb-20,FAKE
SHOCKING!!! the media secret plan EXPOSED - what they don't want you to know!!!,The mainstream media will NEVER show you this about the media - 100% guaranteed!!! Everyone is talking about how the banned report was secretly changed overnight and NOBODY is asking questions!!! If you believe the official story you are being DECEIVED!!! Wake up sheeple!!!,world,04-May-20,FAKE
Government update issued after legislation review,"Analysts said on 13-Apr-20 that government indicators remained within the expected range, citing official records. A spokesperson said the findings in legislation were based on filings submitted under existing disclosure rules. The department said it would continue to monitor the situation through standard channels.",politics,21-Feb-19,REAL
"BOMBSHELL: the election conspiracy finally uncovered, mainstream media silent!!!",This one weird trick about the election changed everything and experts are FURIOUS!!! They deleted the evidence about the deleted files but we saved it - share this before it disappears!!! If you believe the official story you are being DECEIVED!!! Wake up sheeple!!!,politics,27-Sep-20,FAKE
"BOMBSHELL: 5G networks conspiracy finally uncovered, mainstream media silent!!!",The mainstream media will NEVER show you this about 5G networks - 100% guaranteed!!! Anonymous sources claim that the secret footage proves the entire thing was staged from the beginning!!! If you believe the official story you are being DECEIVED!!! Wake up sheeple!!!,health,28-Apr-21,FAKE
Officials review diplomatic figures in border talks records,"Analysts said on 14-Jul-20 that diplomatic indicators remained within the expected range, citing official records. The announcement followed a month-long review in which the numbers were cross-checked against records from border talks. Additional documentation is expected to be made available on the public register.",sports,14-Jul-21,REAL
Economy update issued after markets review,A report published on 13-Feb-19 describes how economy developments were documented by the agency. The agency stated that further updates concerning markets would be provided during the next scheduled briefing. No unusual activity was reported in connection with the matter.,technology,26-Jul-19,REAL
Officials review health figures in vaccine programme records,"According to a statement issued on 16-Jun-21, the department reviewed health data for the quarter. A spokesperson said the findings in vaccine programme were based on filings submitted under existing disclosure rules. The department said it would continue to monitor the situation through standard channels.",business,04-Mar-19,REAL
Officials review economy figures in inflation records,"According to a statement issued on 20-Jul-20, the department reviewed economy data for the quarter. Independent observers who reviewed the materials in inflation described the process as routine and orderly. The office declined to comment beyond the prepared statement.",world,04-Dec-19,REAL
Diplomatic update issued after border talks review,"A report published on 22-Jul-21 describes how diplomatic developments were documented by the agency. Researchers noted that the results, published in border talks, are consistent with data collected over the previous year. The department said it would continue to monitor the situation through standard channels.",world,29-Oct-19,REAL
Officials review diplomatic figures in diplomacy records,"According to a statement issued on 27-Apr-19, the department reviewed diplomatic data for the quarter. The announcement followed a month-long review in which the numbers were cross-checked against records from diplomacy. The office declined to comment beyond the prepared statement.",world,07-Mar-21,REAL
BREAKING: vaccines scandal destroys everything - share before it's deleted!!!,The mainstream media will NEVER show you this about vaccines - 100% guaranteed!!! Anonymous sources claim that the banned report proves the entire thing was staged from the beginning!!! SHARE THIS before it gets taken down!!! WAKE UP!!!,health,17-May-19,FAKE
Government update issued after parliament review,A report published on 03-May-20 describes how government developments were documented by the agency. The announcement followed a month-long review in which the numbers were cross-checked against records from parliament. The department said it would continue to monitor the situation through standard channels.,health,27-Nov-20,REAL
Health update issued after vaccine programme review,"According to a statement issued on 13-Jan-20, the department reviewed health data for the quarter. The agency stated that further updates concerning vaccine programme would be provided during the next scheduled briefing. The office declined to comment beyond the prepared statement.",politics,28-Nov-20,REAL
Officials review technology figures in research records,The ministry announced on 28-Aug-19 that technology statistics had been verified by an independent auditor. Independent observers who reviewed the materials in research described the process as routine and orderly. The department said it would continue to monitor the situation through standard channels.,technology,14-Jul-21,REAL
Economy update issued after employment review,Officials confirmed on 13-May-19 that economy figures were released following a routine review. Independent observers who reviewed the materials in employment described the process as routine and orderly. The office declined to comment beyond the prepared statement.,technology,15-Mar-20,REAL
MIRACLE cure for the election discovered - doctors HATE this one trick!!!,WAKE UP people!!! the election is a total LIE and we have PROOF!!! They deleted the evidence about the deleted files but we saved it - share this before it disappears!!! Comment your reaction NOW and tag everyone you know!!!,conspiracies,12-Jan-21,FAKE
Officials review diplomatic figures in treaty records,"According to a statement issued on 01-Nov-19, the department reviewed diplomatic data for the quarter. A spokesperson said the findings in treaty were based on filings submitted under existing disclosure rules. No unusual activity was reported in connection with the matter.",health,16-Jul-20,REAL
"BOMBSHELL: the media conspiracy finally uncovered, mainstream media silent!!!",The mainstream media will NEVER show you this about the media - 100% guaranteed!!! A former employee who wants to stay completely anonymous said the truth about the secret footage is UNBELIEVABLE!!! The fact that this is not on the news proves EVERYTHING!!!,entertainment,19-Apr-20,FAKE
BREAKING: vaccines scandal destroys everything - share before it's deleted!!!,WAKE UP people!!! vaccines is a total LIE and we have PROOF!!! Anonymous sources claim that the deleted files proves the entire thing was staged from the beginning!!! If you believe the official story you are being DECEIVED!!! Wake up sheeple!!!,politics,09-Oct-19,FAKE
"BOMBSHELL: 5G networks conspiracy finally uncovered, mainstream media silent!!!",This one weird trick about 5G networks changed everything and experts are FURIOUS!!! Everyone is talking about how the secret footage was secretly changed overnight and NOBODY is asking questions!!! The fact that this is not on the news proves EVERYTHING!!!,politics,16-May-21,FAKE
You won't BELIEVE what insiders revealed about the media - banned truth!!!,This one weird trick about the media changed everything and experts are FURIOUS!!! Anonymous sources claim that the banned report proves the entire thing was staged from the beginning!!! If you believe the official story you are being DECEIVED!!! Wake up sheeple!!!,entertainment,23-Jun-19,FAKE
You won't BELIEVE what insiders revealed about the election - banned truth!!!,This one weird trick about the election changed everything and experts are FURIOUS!!! A former employee who wants to stay completely anonymous said the truth about the leaked memo is UNBELIEVABLE!!! Comment your reaction NOW and tag everyone you know!!!,politics,19-Sep-21,FAKE
Officials review government figures in budget records,"The ministry announced on 02-Sep-21 that government statistics had been verified by an independent auditor. Researchers noted that the results, published in budget, are consistent with data collected over the previous year. Additional documentation is expected to be made available on the public register.",world,06-Feb-21,REAL
You won't BELIEVE what insiders revealed about the election - banned truth!!!,Insiders whispered the TRUTH about the election and it is worse than you could ever imagine!!! Anonymous sources claim that the secret footage proves the entire thing was staged from the beginning!!! Comment your reaction NOW and tag everyone you know!!!,conspiracies,07-Jun-20,FAKE
"BOMBSHELL: 5G networks conspiracy finally uncovered, mainstream media silent!!!",The mainstream media will NEVER show you this about 5G networks - 100% guaranteed!!! Documents that nobody can verify (for reasons that are OBVIOUS) show that the banned report was hidden from YOU!!! Comment your reaction NOW and tag everyone you know!!!,entertainment,09-Apr-20,FAKE
Economy update issued after markets review,The ministry announced on 11-Nov-20 that economy statistics had been verified by an independent auditor. The agency stated that further updates concerning markets would be provided during the next scheduled briefing. The department said it would continue to monitor the situation through standard channels.,business,20-Feb-20,REAL
Health update issued after hospital review,The ministry announced on 18-Sep-19 that health statistics had been verified by an independent auditor. The announcement followed a month-long review in which the numbers were cross-checked against records from hospital. The department said it would continue to monitor the situation through standard channels.,politics,09-Mar-20,REAL
BREAKING: the election scandal destroys everything - share before it's deleted!!!,Insiders whispered the TRUTH about the election and it is worse than you could ever imagine!!! Everyone is talking about how the banned report was secretly changed overnight and NOBODY is asking questions!!! Comment your reaction NOW and tag everyone you know!!!,politics,19-Aug-20,FAKE
Government update issued after parliament review,"Analysts said on 29-Oct-19 that government indicators remained within the expected range, citing official records. Researchers noted that the results, published in parliament, are consistent with data collected over the previous year. No unusual activity was reported in connection with the matter.",business,16-Jun-21,REAL
BREAKING: the media scandal destroys everything - share before it's deleted!!!,Shocking new evidence about the media has just leaked and they are trying to BAN this article!!! Anonymous sources claim that the deleted files proves the entire thing was staged from the beginning!!! SHARE THIS before it gets taken down!!! WAKE UP!!!,conspiracies,24-Oct-20,FAKE
SHOCKING!!! the government secret plan EXPOSED - what they don't want you to know!!!,WAKE UP people!!! the government is a total LIE and we have PROOF!!! A former employee who wants to stay completely anonymous said the truth about the banned report is UNBELIEVABLE!!! SHARE THIS before it gets taken down!!! WAKE UP!!!,conspiracies,28-Apr-19,FAKE
Health update issued after vaccine programme review,Officials confirmed on 14-Jul-21 that health figures were released following a routine review. The announcement followed a month-long review in which the numbers were cross-checked against records from vaccine programme. Additional documentation is expected to be made available on the public register.,politics,16-Aug-20,REAL
MIRACLE cure for 5G networks discovered - doctors HATE this one trick!!!,Insiders whispered the TRUTH about 5G networks and it is worse than you could ever imagine!!! Anonymous sources claim that the banned report proves the entire thing was staged from the beginning!!! If you believe the official story you are being DECEIVED!!! Wake up sheeple!!!,world,15-Jan-19,FAKE
Technology update issued after engineering review,"According to a statement issued on 11-Jun-19, the department reviewed technology data for the quarter. Researchers noted that the results, published in engineering, are consistent with data collected over the previous year. Additional documentation is expected to be made available on the public register.",health,02-Sep-20,REAL
"BOMBSHELL: the media conspiracy finally uncovered, mainstream media silent!!!",Shocking new evidence about the media has just leaked and they are trying to BAN this article!!! Anonymous sources claim that the banned report proves the entire thing was staged from the beginning!!! If you believe the official story you are being DECEIVED!!! Wake up sheeple!!!,world,11-Jan-21,FAKE
"BOMBSHELL: the government conspiracy finally uncovered, mainstream media silent!!!",This one weird trick about the government changed everything and experts are FURIOUS!!! A former employee who wants to stay completely anonymous said the truth about the deleted files is UNBELIEVABLE!!! The fact that this is not on the news proves EVERYTHING!!!,entertainment,12-May-21,FAKE
SHOCKING!!! vaccines secret plan EXPOSED - what they don't want you to know!!!,The mainstream media will NEVER show you this about vaccines - 100% guaranteed!!! A former employee who wants to stay completely anonymous said the truth about the secret footage is UNBELIEVABLE!!! Comment your reaction NOW and tag everyone you know!!!,health,23-Oct-19,FAKE
Diplomatic update issued after summit review,"According to a statement issued on 13-May-21, the department reviewed diplomatic data for the quarter. The announcement followed a month-long review in which the numbers were cross-checked against records from summit. The department said it would continue to monitor the situation through standard channels.",business,15-Feb-20,REAL
Officials review health figures in public health records,"According to a statement issued on 19-Aug-20, the department reviewed health data for the quarter. Independent observers who reviewed the materials in public health described the process as routine and orderly. No unusual activity was reported in connection with the matter.",business,10-Dec-20,REAL
SHOCKING!!! the government secret plan EXPOSED - what they don't want you to know!!!,Insiders whispered the TRUTH about the government and it is worse than you could ever imagine!!! Everyone is talking about how the secret footage was secretly changed overnight and NOBODY is asking questions!!! The fact that this is not on the news proves EVERYTHING!!!,entertainment,06-Jan-19,FAKE
You won't BELIEVE what insiders revealed about vaccines - banned truth!!!,Shocking new evidence about vaccines has just leaked and they are trying to BAN this article!!! A former employee who wants to stay completely anonymous said the truth about the leaked memo is UNBELIEVABLE!!! SHARE THIS before it gets taken down!!! WAKE UP!!!,world,20-Jun-19,FAKE
Economy update issued after inflation review,A report published on 17-Apr-19 describes how economy developments were documented by the agency. The agency stated that further updates concerning inflation would be provided during the next scheduled briefing. The office declined to comment beyond the prepared statement.,sports,24-Mar-20,REAL
Officials review technology figures in research records,A report published on 17-May-20 describes how technology developments were documented by the agency. The announcement followed a month-long review in which the numbers were cross-checked against records from research. No unusual activity was reported in connection with the matter.,health,13-Aug-19,REAL
You won't BELIEVE what insiders revealed about 5G networks - banned truth!!!,Insiders whispered the TRUTH about 5G networks and it is worse than you could ever imagine!!! Everyone is talking about how the leaked memo was secretly changed overnight and NOBODY is asking questions!!! If you believe the official story you are being DECEIVED!!! Wake up sheeple!!!,entertainment,17-Jun-19,FAKE
MIRACLE cure for the government discovered - doctors HATE this one trick!!!,Insiders whispered the TRUTH about the government and it is worse than you could ever imagine!!! Everyone is talking about how the deleted files was secretly changed overnight and NOBODY is asking questions!!! The fact that this is not on the news proves EVERYTHING!!!,health,06-Feb-19,FAKE
SHOCKING!!! the media secret plan EXPOSED - what they don't want you to know!!!,Insiders whispered the TRUTH about the media and it is worse than you could ever imagine!!! They deleted the evidence about the leaked memo but we saved it - share this before it disappears!!! If you believe the official story you are being DECEIVED!!! Wake up sheeple!!!,politics,01-Nov-20,FAKE
MIRACLE cure for the media discovered - doctors HATE this one trick!!!,The mainstream media will NEVER show you this about the media - 100% guaranteed!!! They deleted the evidence about the deleted files but we saved it - share this before it disappears!!! Comment your reaction NOW and tag everyone you know!!!,politics,29-Mar-20,FAKE
You won't BELIEVE what insiders revealed about the government - banned truth!!!,WAKE UP people!!! the government is a total LIE and we have PROOF!!! Anonymous sources claim that the banned report proves the entire thing was staged from the beginning!!! The fact that this is not on the news proves EVERYTHING!!!,health,09-Apr-20,FAKE
BREAKING: the media scandal destroys everything - share before it's deleted!!!,WAKE UP people!!! the media is a total LIE and we have PROOF!!! Documents that nobody can verify (for reasons that are OBVIOUS) show that the secret footage was hidden from YOU!!! SHARE THIS before it gets taken down!!! WAKE UP!!!,conspiracies,21-Jan-20,FAKE
BREAKING: 5G networks scandal destroys everything - share before it's deleted!!!,WAKE UP people!!! 5G networks is a total LIE and we have PROOF!!! Everyone is talking about how the leaked memo was secretly changed overnight and NOBODY is asking questions!!! The fact that this is not on the news proves EVERYTHING!!!,politics,17-Jun-21,FAKE
MIRACLE cure for the government discovered - doctors HATE this one trick!!!,The mainstream media will NEVER show you this about the government - 100% guaranteed!!! Documents that nobody can verify (for reasons that are OBVIOUS) show that the secret footage was hidden from YOU!!! SHARE THIS before it gets taken down!!! WAKE UP!!!,world,19-Oct-20,FAKE
You won't BELIEVE what insiders revealed about 5G networks - banned truth!!!,This one weird trick about 5G networks changed everything and experts are FURIOUS!!! Everyone is talking about how the deleted files was secretly changed overnight and NOBODY is asking questions!!! The fact that this is not on the news proves EVERYTHING!!!,entertainment,15-Jan-19,FAKE
You won't BELIEVE what insiders revealed about vaccines - banned truth!!!,Insiders whispered the TRUTH about vaccines and it is worse than you could ever imagine!!! Everyone is talking about how the deleted files was secretly changed overnight and NOBODY is asking questions!!! The fact that this is not on the news proves EVERYTHING!!!,conspiracies,10-Jun-19,FAKE
Diplomatic update issued after diplomacy review,"According to a statement issued on 16-Jun-21, the department reviewed diplomatic data for the quarter. Independent observers who reviewed the materials in diplomacy described the process as routine and orderly. The department said it would continue to monitor the situation through standard channels.",world,16-Jun-19,REAL
Health update issued after clinic review,"Analysts said on 20-Feb-19 that health indicators remained within the expected range, citing official records. Researchers noted that the results, published in clinic, are consistent with data collected over the previous year. Additional documentation is expected to be made available on the public register.",world,01-Feb-19,REAL
"BOMBSHELL: 5G networks conspiracy finally uncovered, mainstream media silent!!!",This one weird trick about 5G networks changed everything and experts are FURIOUS!!! Anonymous sources claim that the leaked memo proves the entire thing was staged from the beginning!!! Comment your reaction NOW and tag everyone you know!!!,health,26-Mar-19,FAKE
Officials review government figures in legislation records,"The ministry announced on 23-May-19 that government statistics had been verified by an independent auditor. Researchers noted that the results, published in legislation, are consistent with data collected over the previous year. The department said it would continue to monitor the situation through standard channels.",world,02-Jan-21,REAL
Officials review health figures in hospital records,"According to a statement issued on 03-Jun-20, the department reviewed health data for the quarter. The announcement followed a month-long review in which the numbers were cross-checked against records from hospital. Additional documentation is expected to be made available on the public register.",politics,28-Feb-19,REAL
Diplomatic update issued after border talks review,"Analysts said on 06-Dec-19 that diplomatic indicators remained within the expected range, citing official records. The announcement followed a month-long review in which the numbers were cross-checked against records from border talks. No unusual activity was reported in connection with the matter.",business,02-Jul-19,REAL
"BOMBSHELL: the election conspiracy finally uncovered, mainstream media silent!!!",This one weird trick about the election changed everything and experts are FURIOUS!!! A former employee who wants to stay completely anonymous said the truth about the leaked memo is UNBELIEVABLE!!! The fact that this is not on the news proves EVERYTHING!!!,conspiracies,17-Nov-19,FAKE
Officials review health figures in clinic records,"According to a statement issued on 27-May-20, the department reviewed health data for the quarter. Independent observers who reviewed the materials in clinic described the process as routine and orderly. The office declined to comment beyond the prepared statement.",health,10-Feb-19,REAL
SHOCKING!!! the election secret plan EXPOSED - what they don't want you to know!!!,This one weird trick about the election changed everything and experts are FURIOUS!!! Anonymous sources claim that the deleted files proves the entire thing was staged from the beginning!!! SHARE THIS before it gets taken down!!! WAKE UP!!!,health,24-Feb-21,FAKE
Government update issued after parliament review,"According to a statement issued on 19-Apr-20, the department reviewed government data for the quarter. Independent observers who reviewed the materials in parliament described the process as routine and orderly. The office declined to comment beyond the prepared statement.",world,11-Sep-19,REAL
Officials review technology figures in engineering records,"According to a statement issued on 14-Jun-21, the department reviewed technology data for the quarter. The announcement followed a month-long review in which the numbers were cross-checked against records from engineering. The office declined to comment beyond the prepared statement.",technology,19-Mar-21,REAL
Officials review diplomatic figures in diplomacy records,Officials confirmed on 12-Jul-19 that diplomatic figures were released following a routine review. Independent observers who reviewed the materials in diplomacy described the process as routine and orderly. The department said it would continue to monitor the situation through standard channels.,business,07-Nov-19,REAL
You won't BELIEVE what insiders revealed about the government - banned truth!!!,Insiders whispered the TRUTH about the government and it is worse than you could ever imagine!!! Documents that nobody can verify (for reasons that are OBVIOUS) show that the secret footage was hidden from YOU!!! SHARE THIS before it gets taken down!!! WAKE UP!!!,politics,04-Aug-21,FAKE
Health update issued after hospital review,"The ministry announced on 20-Nov-20 that health statistics had been verified by an independent auditor. Researchers noted that the results, published in hospital, are consistent with data collected over the previous year. No unusual activity was reported in connection with the matter.",world,02-May-20,REAL
SHOCKING!!! the election secret plan EXPOSED - what they don't want you to know!!!,WAKE UP people!!! the election is a total LIE and we have PROOF!!! Anonymous sources claim that the secret footage proves the entire thing was staged from the beginning!!! The fact that this is not on the news proves EVERYTHING!!!,politics,25-Jan-21,FAKE
Economy update issued after employment review,"A report published on 21-May-20 describes how economy developments were documented by the agency. Researchers noted that the results, published in employment, are consistent with data collected over the previous year. Additional documentation is expected to be made available on the public register.",business,14-Jul-20,REAL
Technology update issued after engineering review,"The ministry announced on 03-Jan-20 that technology statistics had been verified by an independent auditor. Researchers noted that the results, published in engineering, are consistent with data collected over the previous year. The office declined to comment beyond the prepared statement.",world,23-Oct-20,REAL
Officials review economy figures in inflation records,The ministry announced on 06-Apr-20 that economy statistics had been verified by an independent auditor. Independent observers who reviewed the materials in inflation described the process as routine and orderly. The office declined to comment beyond the prepared statement.,world,23-Oct-19,REAL
"BOMBSHELL: the election conspiracy finally uncovered, mainstream media silent!!!",Insiders whispered the TRUTH about the election and it is worse than you could ever imagine!!! A former employee who wants to stay completely anonymous said the truth about the secret footage is UNBELIEVABLE!!! Comment your reaction NOW and tag everyone you know!!!,world,23-Dec-20,FAKE
You won't BELIEVE what insiders revealed about the media - banned truth!!!,Insiders whispered the TRUTH about the media and it is worse than you could ever imagine!!! Everyone is talking about how the secret footage was secretly changed overnight and NOBODY is asking questions!!! If you believe the official story you are being DECEIVED!!! Wake up sheeple!!!,conspiracies,26-Aug-21,FAKE
SHOCKING!!! the government secret plan EXPOSED - what they don't want you to know!!!,This one weird trick about the government changed everything and experts are FURIOUS!!! Anonymous sources claim that the leaked memo proves the entire thing was staged from the beginning!!! The fact that this is not on the news proves EVERYTHING!!!,health,07-Apr-19,FAKE
MIRACLE cure for the election discovered - doctors HATE this one trick!!!,WAKE UP people!!! the election is a total LIE and we have PROOF!!! Everyone is talking about how the deleted files was secretly changed overnight and NOBODY is asking questions!!! Comment your reaction NOW and tag everyone you know!!!,health,08-Oct-20,FAKE
Technology update issued after research review,"According to a statement issued on 20-Apr-19, the department reviewed technology data for the quarter. The announcement followed a month-long review in which the numbers were cross-checked against records from research. No unusual activity was reported in connection with the matter.",technology,04-Jan-20,REAL
"BOMBSHELL: the media conspiracy finally uncovered, mainstream media silent!!!",This one weird trick about the media changed everything and experts are FURIOUS!!! They deleted the evidence about the deleted files but we saved it - share this before it disappears!!! Comment your reaction NOW and tag everyone you know!!!,health,31-Dec-19,FAKE
"BOMBSHELL: the media conspiracy finally uncovered, mainstream media silent!!!",This one weird trick about the media changed everything and experts are FURIOUS!!! Anonymous sources claim that the leaked memo proves the entire thing was staged from the beginning!!! Comment your reaction NOW and tag everyone you know!!!,conspiracies,17-Apr-20,FAKE
Officials review diplomatic figures in treaty records,"According to a statement issued on 08-Sep-21, the department reviewed diplomatic data for the quarter. The agency stated that further updates concerning treaty would be provided during the next scheduled briefing. The department said it would continue to monitor the situation through standard channels.",world,15-Mar-21,REAL
MIRACLE cure for the media discovered - doctors HATE this one trick!!!,The mainstream media will NEVER show you this about the media - 100% guaranteed!!! They deleted the evidence about the secret footage but we saved it - share this before it disappears!!! SHARE THIS before it gets taken down!!! WAKE UP!!!,entertainment,23-May-19,FAKE
Officials review health figures in clinic records,"According to a statement issued on 23-Jul-19, the department reviewed health data for the quarter. The agency stated that further updates concerning clinic would be provided during the next scheduled briefing. The office declined to comment beyond the prepared statement.",technology,08-Aug-20,REAL
You won't BELIEVE what insiders revealed about the election - banned truth!!!,The mainstream media will NEVER show you this about the election - 100% guaranteed!!! Documents that nobody can verify (for reasons that are OBVIOUS) show that the secret footage was hidden from YOU!!! SHARE THIS before it gets taken down!!! WAKE UP!!!,world,03-Aug-21,FAKE
MIRACLE cure for the media discovered - doctors HATE this one trick!!!,This one weird trick about the media changed everything and experts are FURIOUS!!! A former employee who wants to stay completely anonymous said the truth about the deleted files is UNBELIEVABLE!!! Comment your reaction NOW and tag everyone you know!!!,conspiracies,24-Jan-19,FAKE
Government update issued after ministry review,A report published on 26-Oct-19 describes how government developments were documented by the agency. Independent observers who reviewed the materials in ministry described the process as routine and orderly. Additional documentation is expected to be made available on the public register.,world,20-Apr-20,REAL
Diplomatic update issued after diplomacy review,The ministry announced on 29-Jun-21 that diplomatic statistics had been verified by an independent auditor. Independent observers who reviewed the materials in diplomacy described the process as routine and orderly. Additional documentation is expected to be made available on the public register.,business,09-May-20,REAL
Officials review technology figures in semiconductors records,"The ministry announced on 05-Jun-21 that technology statistics had been verified by an independent auditor. Researchers noted that the results, published in semiconductors, are consistent with data collected over the previous year. Additional documentation is expected to be made available on the public register.",health,12-Apr-20,REAL
Officials review government figures in budget records,"According to a statement issued on 01-Sep-20, the department reviewed government data for the quarter. Independent observers who reviewed the materials in budget described the process as routine and orderly. Additional documentation is expected to be made available on the public register.",technology,06-Dec-20,REAL
"BOMBSHELL: the government conspiracy finally uncovered, mainstream media silent!!!",Shocking new evidence about the government has just leaked and they are trying to BAN this article!!! Anonymous sources claim that the banned report proves the entire thing was staged from the beginning!!! Comment your reaction NOW and tag everyone you know!!!,world,28-Aug-19,FAKE
Government update issued after budget review,Officials confirmed on 16-Feb-20 that government figures were released following a routine review. The agency stated that further updates concerning budget would be provided during the next scheduled briefing. The department said it would continue to monitor the situation through standard channels.,politics,24-May-19,REAL
Officials review health figures in clinic records,A report published on 25-May-19 describes how health developments were documented by the agency. The announcement followed a month-long review in which the numbers were cross-checked against records from clinic. No unusual activity was reported in connection with the matter.,technology,03-Jun-21,REAL
BREAKING: the government scandal destroys everything - share before it's deleted!!!,WAKE UP people!!! the government is a total LIE and we have PROOF!!! Anonymous sources claim that the deleted files proves the entire thing was staged from the beginning!!! If you believe the official story you are being DECEIVED!!! Wake up sheeple!!!,health,29-Aug-20,FAKE
MIRACLE cure for the election discovered - doctors HATE this one trick!!!,WAKE UP people!!! the election is a total LIE and we have PROOF!!! They deleted the evidence about the leaked memo but we saved it - share this before it disappears!!! If you believe the official story you are being DECEIVED!!! Wake up sheeple!!!,health,19-Feb-21,FAKE
Officials review diplomatic figures in treaty records,The ministry announced on 03-Sep-20 that diplomatic statistics had been verified by an independent auditor. Independent observers who reviewed the materials in treaty described the process as routine and orderly. Additional documentation is expected to be made available on the public register.,health,16-Mar-20,REAL
Diplomatic update issued after diplomacy review,A report published on 31-Jul-19 describes how diplomatic developments were documented by the agency. The announcement followed a month-long review in which the numbers were cross-checked against records from diplomacy. No unusual activity was reported in connection with the matter.,technology,04-Sep-20,REAL
"BOMBSHELL: the media conspiracy finally uncovered, mainstream media silent!!!",The mainstream media will NEVER show you this about the media - 100% guaranteed!!! Anonymous sources claim that the leaked memo proves the entire thing was staged from the beginning!!! The fact that this is not on the news proves EVERYTHING!!!,world,24-May-19,FAKE
Officials review government figures in budget records,"According to a statement issued on 11-Dec-20, the department reviewed government data for the quarter. A spokesperson said the findings in budget were based on filings submitted under existing disclosure rules. The office declined to comment beyond the prepared statement.",world,11-Aug-20,REAL
You won't BELIEVE what insiders revealed about 5G networks - banned truth!!!,The mainstream media will NEVER show you this about 5G networks - 100% guaranteed!!! Documents that nobody can verify (for reasons that are OBVIOUS) show that the deleted files was hidden from YOU!!! If you believe the official story you are being DECEIVED!!! Wake up sheeple!!!,politics,29-Jun-19,FAKE
Officials review government figures in budget records,The ministry announced on 31-Jan-20 that government statistics had been verified by an independent auditor. The announcement followed a month-long review in which the numbers were cross-checked against records from budget. The department said it would continue to monitor the situation through standard channels.,health,14-Mar-19,REAL
You won't BELIEVE what insiders revealed about the election - banned truth!!!,The mainstream media will NEVER show you this about the election - 100% guaranteed!!! Anonymous sources claim that the secret footage proves the entire thing was staged from the beginning!!! SHARE THIS before it gets taken down!!! WAKE UP!!!,conspiracies,24-Dec-19,FAKE
BREAKING: the government scandal destroys everything - share before it's deleted!!!,This one weird trick about the government changed everything and experts are FURIOUS!!! A former employee who wants to stay completely anonymous said the truth about the deleted files is UNBELIEVABLE!!! The fact that this is not on the news proves EVERYTHING!!!,health,14-Feb-21,FAKE
Economy update issued after markets review,"According to a statement issued on 09-Feb-21, the department reviewed economy data for the quarter. The announcement followed a month-long review in which the numbers were cross-checked against records from markets. No unusual activity was reported in connection with the matter.",health,11-Jul-19,REAL
Officials review technology figures in engineering records,"Analysts said on 26-Aug-21 that technology indicators remained within the expected range, citing official records. The announcement followed a month-long review in which the numbers were cross-checked against records from engineering. The office declined to comment beyond the prepared statement.",business,02-Nov-19,REAL
Economy update issued after employment review,"The ministry announced on 26-Oct-20 that economy statistics had been verified by an independent auditor. Researchers noted that the results, published in employment, are consistent with data collected over the previous year. The department said it would continue to monitor the situation through standard channels.",health,11-Dec-20,REAL
Technology update issued after engineering review,A report published on 22-Apr-19 describes how technology developments were documented by the agency. The announcement followed a month-long review in which the numbers were cross-checked against records from engineering. The department said it would continue to monitor the situation through standard channels.,health,01-Dec-20,REAL
You won't BELIEVE what insiders revealed about the election - banned truth!!!,WAKE UP people!!! the election is a total LIE and we have PROOF!!! Anonymous sources claim that the banned report proves the entire thing was staged from the beginning!!! SHARE THIS before it gets taken down!!! WAKE UP!!!,health,11-Oct-20,FAKE
Technology update issued after software review,The ministry announced on 15-Jul-19 that technology statistics had been verified by an independent auditor. Independent observers who reviewed the materials in software described the process as routine and orderly. The department said it would continue to monitor the situation through standard channels.,business,02-Mar-21,REAL
Government update issued after ministry review,"Analysts said on 04-Jul-21 that government indicators remained within the expected range, citing official records. Independent observers who reviewed the materials in ministry described the process as routine and orderly. The office declined to comment beyond the prepared statement.",world,10-Jan-20,REAL
Officials review health figures in public health records,"According to a statement issued on 23-Jan-19, the department reviewed health data for the quarter. The agency stated that further updates concerning public health would be provided during the next scheduled briefing. Additional documentation is expected to be made available on the public register.",sports,07-Mar-21,REAL
Government update issued after budget review,"According to a statement issued on 02-May-19, the department reviewed government data for the quarter. A spokesperson said the findings in budget were based on filings submitted under existing disclosure rules. The office declined to comment beyond the prepared statement.",sports,17-Aug-19,REAL
Technology update issued after engineering review,"Officials confirmed on 19-Mar-20 that technology figures were released following a routine review. Researchers noted that the results, published in engineering, are consistent with data collected over the previous year. The office declined to comment beyond the prepared statement.",technology,30-Jun-19,REAL
Health update issued after clinic review,A report published on 26-Jul-19 describes how health developments were documented by the agency. Independent observers who reviewed the materials in clinic described the process as routine and orderly. Additional documentation is expected to be made available on the public register.,sports,06-Oct-19,REAL
MIRACLE cure for the election discovered - doctors HATE this one trick!!!,Shocking new evidence about the election has just leaked and they are trying to BAN this article!!! They deleted the evidence about the leaked memo but we saved it - share this before it disappears!!! Comment your reaction NOW and tag everyone you know!!!,entertainment,26-Oct-20,FAKE
Officials review government figures in parliament records,"The ministry announced on 15-Jan-21 that government statistics had been verified by an independent auditor. Researchers noted that the results, published in parliament, are consistent with data collected over the previous year. No unusual activity was reported in connection with the matter.",world,03-Jul-20,REAL
Officials review health figures in clinic records,A report published on 20-Jan-21 describes how health developments were documented by the agency. Independent observers who reviewed the materials in clinic described the process as routine and orderly. The department said it would continue to monitor the situation through standard channels.,technology,25-Jan-19,REAL
Officials review health figures in public health records,"Officials confirmed on 12-Dec-19 that health figures were released following a routine review. Researchers noted that the results, published in public health, are consistent with data collected over the previous year. Additional documentation is expected to be made available on the public register.",technology,28-May-21,REAL
You won't BELIEVE what insiders revealed about the media - banned truth!!!,Shocking new evidence about the media has just leaked and they are trying to BAN this article!!! Documents that nobody can verify (for reasons that are OBVIOUS) show that the leaked memo was hidden from YOU!!! Comment your reaction NOW and tag everyone you know!!!,entertainment,06-Mar-19,FAKE
Officials review technology figures in software records,"According to a statement issued on 21-Jan-20, the department reviewed technology data for the quarter. Researchers noted that the results, published in software, are consistent with data collected over the previous year. The office declined to comment beyond the prepared statement.",health,24-Jul-19,REAL
Officials review health figures in hospital records,"A report published on 07-Oct-19 describes how health developments were documented by the agency. Researchers noted that the results, published in hospital, are consistent with data collected over the previous year. Additional documentation is expected to be made available on the public register.",world,09-Jun-21,REAL
SHOCKING!!! vaccines secret plan EXPOSED - what they don't want you to know!!!,WAKE UP people!!! vaccines is a total LIE and we have PROOF!!! Documents that nobody can verify (for reasons that are OBVIOUS) show that the banned report was hidden from YOU!!! Comment your reaction NOW and tag everyone you know!!!,politics,14-Dec-20,FAKE
MIRACLE cure for the election discovered - doctors HATE this one trick!!!,This one weird trick about the election changed everything and experts are FURIOUS!!! Documents that nobody can verify (for reasons that are OBVIOUS) show that the deleted files was hidden from YOU!!! If you believe the official story you are being DECEIVED!!! Wake up sheeple!!!,conspiracies,13-Oct-20,FAKE
You won't BELIEVE what insiders revealed about the media - banned truth!!!,Shocking new evidence about the media has just leaked and they are trying to BAN this article!!! They deleted the evidence about the banned report but we saved it - share this before it disappears!!! The fact that this is not on the news proves EVERYTHING!!!,world,22-May-19,FAKE
BREAKING: the election scandal destroys everything - share before it's deleted!!!,WAKE UP people!!! the election is a total LIE and we have PROOF!!! Documents that nobody can verify (for reasons that are OBVIOUS) show that the banned report was hidden from YOU!!! SHARE THIS before it gets taken down!!! WAKE UP!!!,entertainment,31-Mar-20,FAKE
Health update issued after public health review,Officials confirmed on 22-Jul-21 that health figures were released following a routine review. Independent observers who reviewed the materials in public health described the process as routine and orderly. Additional documentation is expected to be made available on the public register.,health,01-Apr-20,REAL
You won't BELIEVE what insiders revealed about the election - banned truth!!!,The mainstream media will NEVER show you this about the election - 100% guaranteed!!! Anonymous sources claim that the leaked memo proves the entire thing was staged from the beginning!!! SHARE THIS before it gets taken down!!! WAKE UP!!!,health,08-Jul-21,FAKE
You won't BELIEVE what insiders revealed about the election - banned truth!!!,Shocking new evidence about the election has just leaked and they are trying to BAN this article!!! A former employee who wants to stay completely anonymous said the truth about the deleted files is UNBELIEVABLE!!! SHARE THIS before it gets taken down!!! WAKE UP!!!,health,08-Aug-20,FAKE
SHOCKING!!! 5G networks secret plan EXPOSED - what they don't want you to know!!!,The mainstream media will NEVER show you this about 5G networks - 100% guaranteed!!! They deleted the evidence about the secret footage but we saved it - share this before it disappears!!! SHARE THIS before it gets taken down!!! WAKE UP!!!,entertainment,24-Jun-19,FAKE
Health update issued after vaccine programme review,Officials confirmed on 26-Sep-21 that health figures were released following a routine review. A spokesperson said the findings in vaccine programme were based on filings submitted under existing disclosure rules. No unusual activity was reported in connection with the matter.,technology,28-Dec-19,REAL
Officials review diplomatic figures in diplomacy records,The ministry announced on 11-Apr-20 that diplomatic statistics had been verified by an independent auditor. Independent observers who reviewed the materials in diplomacy described the process as routine and orderly. Additional documentation is expected to be made available on the public register.,health,20-Jun-19,REAL
MIRACLE cure for the government discovered - doctors HATE this one trick!!!,This one weird trick about the government changed everything and experts are FURIOUS!!! Anonymous sources claim that the deleted files proves the entire thing was staged from the beginning!!! SHARE THIS before it gets taken down!!! WAKE UP!!!,entertainment,12-Aug-21,FAKE
Officials review diplomatic figures in diplomacy records,"Analysts said on 11-Aug-20 that diplomatic indicators remained within the expected range, citing official records. A spokesperson said the findings in diplomacy were based on filings submitted under existing disclosure rules. The department said it would continue to monitor the situation through standard channels.",politics,21-Sep-20,REAL
"BOMBSHELL: 5G networks conspiracy finally uncovered, mainstream media silent!!!",This one weird trick about 5G networks changed everything and experts are FURIOUS!!! Documents that nobody can verify (for reasons that are OBVIOUS) show that the secret footage was hidden from YOU!!! If you believe the official story you are being DECEIVED!!! Wake up sheeple!!!,politics,20-Nov-20,FAKE
"BOMBSHELL: 5G networks conspiracy finally uncovered, mainstream media silent!!!",Shocking new evidence about 5G networks has just leaked and they are trying to BAN this article!!! A former employee who wants to stay completely anonymous said the truth about the deleted files is UNBELIEVABLE!!! Comment your reaction NOW and tag everyone you know!!!,politics,17-Jun-20,FAKE
SHOCKING!!! 5G networks secret plan EXPOSED - what they don't want you to know!!!,This one weird trick about 5G networks changed everything and experts are FURIOUS!!! A former employee who wants to stay completely anonymous said the truth about the deleted files is UNBELIEVABLE!!! The fact that this is not on the news proves EVERYTHING!!!,health,23-Jun-21,FAKE
Economy update issued after employment review,"According to a statement issued on 01-Jul-21, the department reviewed economy data for the quarter. The agency stated that further updates concerning employment would be provided during the next scheduled briefing. The office declined to comment beyond the prepared statement.",technology,20-Jan-20,REAL
BREAKING: the media scandal destroys everything - share before it's deleted!!!,WAKE UP people!!! the media is a total LIE and we have PROOF!!! They deleted the evidence about the leaked memo but we saved it - share this before it disappears!!! The fact that this is not on the news proves EVERYTHING!!!,entertainment,21-May-20,FAKE
SHOCKING!!! vaccines secret plan EXPOSED - what they don't want you to know!!!,The mainstream media will NEVER show you this about vaccines - 100% guaranteed!!! Anonymous sources claim that the deleted files proves the entire thing was staged from the beginning!!! Comment your reaction NOW and tag everyone you know!!!,conspiracies,31-Jan-21,FAKE
Officials review technology figures in research records,The ministry announced on 16-Sep-19 that technology statistics had been verified by an independent auditor. The announcement followed a month-long review in which the numbers were cross-checked against records from research. The office declined to comment beyond the prepared statement.,health,23-Feb-19,REAL
BREAKING: the media scandal destroys everything - share before it's deleted!!!,Insiders whispered the TRUTH about the media and it is worse than you could ever imagine!!! They deleted the evidence about the secret footage but we saved it - share this before it disappears!!! The fact that this is not on the news proves EVERYTHING!!!,health,18-Apr-20,FAKE
Officials review health figures in hospital records,A report published on 18-Feb-21 describes how health developments were documented by the agency. The agency stated that further updates concerning hospital would be provided during the next scheduled briefing. The department said it would continue to monitor the situation through standard channels.,business,28-Aug-19,REAL
Officials review diplomatic figures in summit records,"Analysts said on 14-Feb-19 that diplomatic indicators remained within the expected range, citing official records. Independent observers who reviewed the materials in summit described the process as routine and orderly. Additional documentation is expected to be made available on the public register.",politics,04-Mar-19,REAL
SHOCKING!!! 5G networks secret plan EXPOSED - what they don't want you to know!!!,WAKE UP people!!! 5G networks is a total LIE and we have PROOF!!! A former employee who wants to stay completely anonymous said the truth about the banned report is UNBELIEVABLE!!! Comment your reaction NOW and tag everyone you know!!!,entertainment,08-Jul-21,FAKE
You won't BELIEVE what insiders revealed about the media - banned truth!!!,The mainstream media will NEVER show you this about the media - 100% guaranteed!!! Everyone is talking about how the banned report was secretly changed overnight and NOBODY is asking questions!!! SHARE THIS before it gets taken down!!! WAKE UP!!!,health,11-Feb-19,FAKE
Diplomatic update issued after diplomacy review,The ministry announced on 18-Apr-21 that diplomatic statistics had been verified by an independent auditor. Independent observers who reviewed the materials in diplomacy described the process as routine and orderly. The office declined to comment beyond the prepared statement.,sports,06-Jun-21,REAL
BREAKING: vaccines scandal destroys everything - share before it's deleted!!!,The mainstream media will NEVER show you this about vaccines - 100% guaranteed!!! A former employee who wants to stay completely anonymous said the truth about the deleted files is UNBELIEVABLE!!! The fact that this is not on the news proves EVERYTHING!!!,world,13-Mar-20,FAKE
Health update issued after public health review,The ministry announced on 18-Oct-20 that health statistics had been verified by an independent auditor. Independent observers who reviewed the materials in public health described the process as routine and orderly. The office declined to comment beyond the prepared statement.,world,21-May-21,REAL
"BOMBSHELL: the election conspiracy finally uncovered, mainstream media silent!!!",WAKE UP people!!! the election is a total LIE and we have PROOF!!! Everyone is talking about how the leaked memo was secretly changed overnight and NOBODY is asking questions!!! Comment your reaction NOW and tag everyone you know!!!,conspiracies,09-Aug-21,FAKE
Officials review technology figures in engineering records,The ministry announced on 22-Mar-21 that technology statistics had been verified by an independent auditor. The announcement followed a month-long review in which the numbers were cross-checked against records from engineering. No unusual activity was reported in connection with the matter.,technology,09-Dec-20,REAL
Health update issued after hospital review,"Officials confirmed on 07-Apr-20 that health figures were released following a routine review. Researchers noted that the results, published in hospital, are consistent with data collected over the previous year. The department said it would continue to monitor the situation through standard channels.",world,13-Aug-20,REAL
Officials review health figures in vaccine programme records,A report published on 13-Apr-19 describes how health developments were documented by the agency. A spokesperson said the findings in vaccine programme were based on filings submitted under existing disclosure rules. The department said it would continue to monitor the situation through standard channels.,sports,27-Feb-19,REAL
Officials review technology figures in research records,Officials confirmed on 19-Feb-20 that technology figures were released following a routine review. The announcement followed a month-long review in which the numbers were cross-checked against records from research. Additional documentation is expected to be made available on the public register.,health,16-Apr-20,REAL
MIRACLE cure for vaccines discovered - doctors HATE this one trick!!!,The mainstream media will NEVER show you this about vaccines - 100% guaranteed!!! They deleted the evidence about the banned report but we saved it - share this before it disappears!!! The fact that this is not on the news proves EVERYTHING!!!,health,24-Oct-20,FAKE
BREAKING: vaccines scandal destroys everything - share before it's deleted!!!,Shocking new evidence about vaccines has just leaked and they are trying to BAN this article!!! Everyone is talking about how the deleted files was secretly changed overnight and NOBODY is asking questions!!! The fact that this is not on the news proves EVERYTHING!!!,conspiracies,20-Jul-19,FAKE
Officials review health figures in hospital records,A report published on 26-Jun-20 describes how health developments were documented by the agency. A spokesperson said the findings in hospital were based on filings submitted under existing disclosure rules. The office declined to comment beyond the prepared statement.,politics,22-Sep-21,REAL
Officials review economy figures in inflation records,"Officials confirmed on 21-Apr-20 that economy figures were released following a routine review. Researchers noted that the results, published in inflation, are consistent with data collected over the previous year. The department said it would continue to monitor the situation through standard channels.",health,03-Aug-21,REAL
Officials review diplomatic figures in border talks records,"According to a statement issued on 17-Jul-19, the department reviewed diplomatic data for the quarter. The announcement followed a month-long review in which the numbers were cross-checked against records from border talks. Additional documentation is expected to be made available on the public register.",technology,25-Oct-20,REAL
BREAKING: the government scandal destroys everything - share before it's deleted!!!,Insiders whispered the TRUTH about the government and it is worse than you could ever imagine!!! Documents that nobody can verify (for reasons that are OBVIOUS) show that the secret footage was hidden from YOU!!! Comment your reaction NOW and tag everyone you know!!!,world,24-Feb-19,FAKE
Officials review health figures in hospital records,"Analysts said on 27-Jan-19 that health indicators remained within the expected range, citing official records. Researchers noted that the results, published in hospital, are consistent with data collected over the previous year. The office declined to comment beyond the prepared statement.",sports,23-Jul-19,REAL
Officials review government figures in legislation records,A report published on 15-Jan-20 describes how government developments were documented by the agency. The agency stated that further updates concerning legislation would be provided during the next scheduled briefing. Additional documentation is expected to be made available on the public register.,politics,27-Sep-19,REAL
"BOMBSHELL: vaccines conspiracy finally uncovered, mainstream media silent!!!",Insiders whispered the TRUTH about vaccines and it is worse than you could ever imagine!!! They deleted the evidence about the deleted files but we saved it - share this before it disappears!!! Comment your reaction NOW and tag everyone you know!!!,health,01-Jan-19,FAKE
You won't BELIEVE what insiders revealed about the media - banned truth!!!,This one weird trick about the media changed everything and experts are FURIOUS!!! Documents that nobody can verify (for reasons that are OBVIOUS) show that the deleted files was hidden from YOU!!! If you believe the official story you are being DECEIVED!!! Wake up sheeple!!!,health,29-Jan-20,FAKE
Officials review economy figures in trade records,"Analysts said on 28-May-20 that economy indicators remained within the expected range, citing official records. Researchers noted that the results, published in trade, are consistent with data collected over the previous year. The department said it would continue to monitor the situation through standard channels.",technology,17-Sep-21,REAL
Officials review health figures in hospital records,A report published on 12-Mar-20 describes how health developments were documented by the agency. Independent observers who reviewed the materials in hospital described the process as routine and orderly. Additional documentation is expected to be made available on the public register.,health,09-Mar-20,REAL
SHOCKING!!! vaccines secret plan EXPOSED - what they don't want you to know!!!,WAKE UP people!!! vaccines is a total LIE and we have PROOF!!! They deleted the evidence about the banned report but we saved it - share this before it disappears!!! SHARE THIS before it gets taken down!!! WAKE UP!!!,world,09-Jul-20,FAKE
Officials review technology figures in research records,The ministry announced on 01-Nov-20 that technology statistics had been verified by an independent auditor. The agency stated that further updates concerning research would be provided during the next scheduled briefing. The office declined to comment beyond the prepared statement.,business,17-Feb-20,REAL
Officials review health figures in hospital records,"Analysts said on 03-Mar-19 that health indicators remained within the expected range, citing official records. The announcement followed a month-long review in which the numbers were cross-checked against records from hospital. The office declined to comment beyond the prepared statement.",technology,04-Jul-19,REAL
Officials review health figures in public health records,"Analysts said on 14-Apr-20 that health indicators remained within the expected range, citing official records. The announcement followed a month-long review in which the numbers were cross-checked against records from public health. The office declined to comment beyond the prepared statement.",world,01-Jun-19,REAL
MIRACLE cure for vaccines discovered - doctors HATE this one trick!!!,Insiders whispered the TRUTH about vaccines and it is worse than you could ever imagine!!! A former employee who wants to stay completely anonymous said the truth about the leaked memo is UNBELIEVABLE!!! The fact that this is not on the news proves EVERYTHING!!!,entertainment,09-Jun-19,FAKE
Officials review economy figures in employment records,"A report published on 19-Jul-20 describes how economy developments were documented by the agency. Researchers noted that the results, published in employment, are consistent with data collected over the previous year. Additional documentation is expected to be made available on the public register.",health,26-Oct-20,REAL
Officials review government figures in ministry records,Officials confirmed on 29-May-20 that government figures were released following a routine review. The announcement followed a month-long review in which the numbers were cross-checked against records from ministry. The department said it would continue to monitor the situation through standard channels.,health,17-Feb-19,REAL
Health update issued after public health review,A report published on 12-Sep-20 describes how health developments were documented by the agency. Independent observers who reviewed the materials in public health described the process as routine and orderly. No unusual activity was reported in connection with the matter.,world,14-Sep-21,REAL
Officials review government figures in parliament records,A report published on 10-Nov-20 describes how government developments were documented by the agency. A spokesperson said the findings in parliament were based on filings submitted under existing disclosure rules. Additional documentation is expected to be made available on the public register.,technology,05-Sep-21,REAL
Officials review technology figures in semiconductors records,"Officials confirmed on 10-Aug-20 that technology figures were released following a routine review. Researchers noted that the results, published in semiconductors, are consistent with data collected over the previous year. The office declined to comment beyond the prepared statement.",business,08-Jul-19,REAL
Technology update issued after engineering review,A report published on 10-Apr-21 describes how technology developments were documented by the agency. A spokesperson said the findings in engineering were based on filings submitted under existing disclosure rules. No unusual activity was reported in connection with the matter.,technology,07-Feb-19,REAL
SHOCKING!!! the election secret plan EXPOSED - what they don't want you to know!!!,This one weird trick about the election changed everything and experts are FURIOUS!!! A former employee who wants to stay completely anonymous said the truth about the leaked memo is UNBELIEVABLE!!! The fact that this is not on the news proves EVERYTHING!!!,health,18-Jun-19,FAKE
You won't BELIEVE what insiders revealed about 5G networks - banned truth!!!,Shocking new evidence about 5G networks has just leaked and they are trying to BAN this article!!! A former employee who wants to stay completely anonymous said the truth about the leaked memo is UNBELIEVABLE!!! Comment your reaction NOW and tag everyone you know!!!,health,27-Jul-21,FAKE
"BOMBSHELL: 5G networks conspiracy finally uncovered, mainstream media silent!!!",The mainstream media will NEVER show you this about 5G networks - 100% guaranteed!!! A former employee who wants to stay completely anonymous said the truth about the banned report is UNBELIEVABLE!!! SHARE THIS before it gets taken down!!! WAKE UP!!!,politics,19-Jun-20,FAKE
MIRACLE cure for the government discovered - doctors HATE this one trick!!!,Insiders whispered the TRUTH about the government and it is worse than you could ever imagine!!! A former employee who wants to stay completely anonymous said the truth about the secret footage is UNBELIEVABLE!!! Comment your reaction NOW and tag everyone you know!!!,politics,27-Feb-21,FAKE
Officials review technology figures in software records,"The ministry announced on 06-Sep-19 that technology statistics had been verified by an independent auditor. Researchers noted that the results, published in software, are consistent with data collected over the previous year. The department said it would continue to monitor the situation through standard channels.",politics,02-Aug-21,REAL
"BOMBSHELL: 5G networks conspiracy finally uncovered, mainstream media silent!!!",Insiders whispered the TRUTH about 5G networks and it is worse than you could ever imagine!!! They deleted the evidence about the deleted files but we saved it - share this before it disappears!!! The fact that this is not on the news proves EVERYTHING!!!,world,01-Aug-21,FAKE
"BOMBSHELL: the election conspiracy finally uncovered, mainstream media silent!!!",WAKE UP people!!! the election is a total LIE and we have PROOF!!! Everyone is talking about how the banned report was secretly changed overnight and NOBODY is asking questions!!! SHARE THIS before it gets taken down!!! WAKE UP!!!,entertainment,07-Jun-21,FAKE
Diplomatic update issued after border talks review,"Analysts said on 02-Sep-20 that diplomatic indicators remained within the expected range, citing official records. Independent observers who reviewed the materials in border talks described the process as routine and orderly. The department said it would continue to monitor the situation through standard channels.",technology,06-Apr-20,REAL
MIRACLE cure for 5G networks discovered - doctors HATE this one trick!!!,The mainstream media will NEVER show you this about 5G networks - 100% guaranteed!!! A former employee who wants to stay completely anonymous said the truth about the leaked memo is UNBELIEVABLE!!! SHARE THIS before it gets taken down!!! WAKE UP!!!,health,28-Mar-21,FAKE
Health update issued after public health review,A report published on 28-Dec-20 describes how health developments were documented by the agency. A spokesperson said the findings in public health were based on filings submitted under existing disclosure rules. Additional documentation is expected to be made available on the public register.,business,29-Jul-20,REAL
Government update issued after parliament review,"According to a statement issued on 08-Sep-19, the department reviewed government data for the quarter. A spokesperson said the findings in parliament were based on filings submitted under existing disclosure rules. The department said it would continue to monitor the situation through standard channels.",sports,28-Jan-21,REAL
"BOMBSHELL: the government conspiracy finally uncovered, mainstream media silent!!!",Insiders whispered the TRUTH about the government and it is worse than you could ever imagine!!! Everyone is talking about how the secret footage was secretly changed overnight and NOBODY is asking questions!!! SHARE THIS before it gets taken down!!! WAKE UP!!!,entertainment,03-Mar-20,FAKE
Health update issued after public health review,"Analysts said on 05-Jul-20 that health indicators remained within the expected range, citing official records. A spokesperson said the findings in public health were based on filings submitted under existing disclosure rules. Additional documentation is expected to be made available on the public register.",business,24-Oct-19,REAL
"BOMBSHELL: vaccines conspiracy finally uncovered, mainstream media silent!!!",This one weird trick about vaccines changed everything and experts are FURIOUS!!! They deleted the evidence about the banned report but we saved it - share this before it disappears!!! If you believe the official story you are being DECEIVED!!! Wake up sheeple!!!,conspiracies,16-Apr-19,FAKE
"BOMBSHELL: the media conspiracy finally uncovered, mainstream media silent!!!",WAKE UP people!!! the media is a total LIE and we have PROOF!!! Everyone is talking about how the leaked memo was secretly changed overnight and NOBODY is asking questions!!! Comment your reaction NOW and tag everyone you know!!!,conspiracies,17-Jul-19,FAKE
MIRACLE cure for the media discovered - doctors HATE this one trick!!!,Shocking new evidence about the media has just leaked and they are trying to BAN this article!!! A former employee who wants to stay completely anonymous said the truth about the deleted files is UNBELIEVABLE!!! SHARE THIS before it gets taken down!!! WAKE UP!!!,conspiracies,11-Nov-20,FAKE
Officials review diplomatic figures in summit records,A report published on 23-Feb-19 describes how diplomatic developments were documented by the agency. The announcement followed a month-long review in which the numbers were cross-checked against records from summit. The office declined to comment beyond the prepared statement.,technology,13-Apr-19,REAL
Officials review diplomatic figures in treaty records,"According to a statement issued on 04-Jun-19, the department reviewed diplomatic data for the quarter. The agency stated that further updates concerning treaty would be provided during the next scheduled briefing. No unusual activity was reported in connection with the matter.",sports,07-Nov-19,REAL
Officials review technology figures in software records,Officials confirmed on 24-Sep-19 that technology figures were released following a routine review. The agency stated that further updates concerning software would be provided during the next scheduled briefing. Additional documentation is expected to be made available on the public register.,business,12-Dec-19,REAL
Diplomatic update issued after diplomacy review,Officials confirmed on 04-Aug-19 that diplomatic figures were released following a routine review. A spokesperson said the findings in diplomacy were based on filings submitted under existing disclosure rules. The office declined to comment beyond the prepared statement.,world,04-Jul-20,REAL
Officials review technology figures in research records,"Analysts said on 23-Feb-19 that technology indicators remained within the expected range, citing official records. Researchers noted that the results, published in research, are consistent with data collected over the previous year. No unusual activity was reported in connection with the matter.",health,25-Nov-20,REAL
Diplomatic update issued after summit review,The ministry announced on 19-Jan-20 that diplomatic statistics had been verified by an independent auditor. The agency stated that further updates concerning summit would be provided during the next scheduled briefing. The office declined to comment beyond the prepared statement.,health,08-Dec-20,REAL
Government update issued after parliament review,Officials confirmed on 31-Jan-20 that government figures were released following a routine review. The agency stated that further updates concerning parliament would be provided during the next scheduled briefing. The office declined to comment beyond the prepared statement.,technology,19-May-20,REAL
Officials review diplomatic figures in border talks records,"The ministry announced on 11-Jun-20 that diplomatic statistics had been verified by an independent auditor. Researchers noted that the results, published in border talks, are consistent with data collected over the previous year. No unusual activity was reported in connection with the matter.",politics,09-Jul-19,REAL
Officials review diplomatic figures in treaty records,"Analysts said on 07-Apr-21 that diplomatic indicators remained within the expected range, citing official records. Independent observers who reviewed the materials in treaty described the process as routine and orderly. The office declined to comment beyond the prepared statement.",sports,29-Aug-20,REAL
Health update issued after public health review,Officials confirmed on 10-Aug-20 that health figures were released following a routine review. Independent observers who reviewed the materials in public health described the process as routine and orderly. The office declined to comment beyond the prepared statement.,technology,18-Apr-21,REAL
SHOCKING!!! 5G networks secret plan EXPOSED - what they don't want you to know!!!,Insiders whispered the TRUTH about 5G networks and it is worse than you could ever imagine!!! Documents that nobody can verify (for reasons that are OBVIOUS) show that the banned report was hidden from YOU!!! SHARE THIS before it gets taken down!!! WAKE UP!!!,politics,10-Aug-21,FAKE
You won't BELIEVE what insiders revealed about the election - banned truth!!!,The mainstream media will NEVER show you this about the election - 100% guaranteed!!! Anonymous sources claim that the deleted files proves the entire thing was staged from the beginning!!! If you believe the official story you are being DECEIVED!!! Wake up sheeple!!!,entertainment,29-Sep-19,FAKE
Officials review health figures in hospital records,A report published on 24-Jul-21 describes how health developments were documented by the agency. Independent observers who reviewed the materials in hospital described the process as routine and orderly. Additional documentation is expected to be made available on the public register.,technology,10-Feb-20,REAL
Government update issued after legislation review,"According to a statement issued on 13-Sep-21, the department reviewed government data for the quarter. The agency stated that further updates concerning legislation would be provided during the next scheduled briefing. Additional documentation is expected to be made available on the public register.",world,11-Oct-19,REAL
BREAKING: the election scandal destroys everything - share before it's deleted!!!,This one weird trick about the election changed everything and experts are FURIOUS!!! Documents that nobody can verify (for reasons that are OBVIOUS) show that the banned report was hidden from YOU!!! If you believe the official story you are being DECEIVED!!! Wake up sheeple!!!,health,13-Nov-19,FAKE
"BOMBSHELL: 5G networks conspiracy finally uncovered, mainstream media silent!!!",WAKE UP people!!! 5G networks is a total LIE and we have PROOF!!! Everyone is talking about how the secret footage was secretly changed overnight and NOBODY is asking questions!!! Comment your reaction NOW and tag everyone you know!!!,entertainment,19-Aug-19,FAKE
Officials review economy figures in markets records,The ministry announced on 17-Mar-19 that economy statistics had been verified by an independent auditor. The announcement followed a month-long review in which the numbers were cross-checked against records from markets. Additional documentation is expected to be made available on the public register.,business,01-Sep-21,REAL
Officials review economy figures in inflation records,"Analysts said on 28-Jan-21 that economy indicators remained within the expected range, citing official records. Independent observers who reviewed the materials in inflation described the process as routine and orderly. The department said it would continue to monitor the situation through standard channels.",sports,15-Jul-21,REAL
MIRACLE cure for the government discovered - doctors HATE this one trick!!!,Insiders whispered the TRUTH about the government and it is worse than you could ever imagine!!! Documents that nobody can verify (for reasons that are OBVIOUS) show that the leaked memo was hidden from YOU!!! The fact that this is not on the news proves EVERYTHING!!!,politics,15-Aug-19,FAKE
SHOCKING!!! the government secret plan EXPOSED - what they don't want you to know!!!,WAKE UP people!!! the government is a total LIE and we have PROOF!!! Everyone is talking about how the leaked memo was secretly changed overnight and NOBODY is asking questions!!! Comment your reaction NOW and tag everyone you know!!!,politics,12-Mar-21,FAKE
You won't BELIEVE what insiders revealed about 5G networks - banned truth!!!,This one weird trick about 5G networks changed everything and experts are FURIOUS!!! Anonymous sources claim that the banned report proves the entire thing was staged from the beginning!!! The fact that this is not on the news proves EVERYTHING!!!,conspiracies,28-Sep-20,FAKE
SHOCKING!!! vaccines secret plan EXPOSED - what they don't want you to know!!!,Insiders whispered the TRUTH about vaccines and it is worse than you could ever imagine!!! A former employee who wants to stay completely anonymous said the truth about the secret footage is UNBELIEVABLE!!! If you believe the official story you are being DECEIVED!!! Wake up sheeple!!!,politics,16-Feb-20,FAKE
Health update issued after clinic review,"According to a statement issued on 16-Jul-21, the department reviewed health data for the quarter. The announcement followed a month-long review in which the numbers were cross-checked against records from clinic. No unusual activity was reported in connection with the matter.",business,15-Feb-19,REAL
MIRACLE cure for the government discovered - doctors HATE this one trick!!!,Insiders whispered the TRUTH about the government and it is worse than you could ever imagine!!! Documents that nobody can verify (for reasons that are OBVIOUS) show that the leaked memo was hidden from YOU!!! The fact that this is not on the news proves EVERYTHING!!!,conspiracies,04-Feb-21,FAKE
Officials review technology figures in semiconductors records,"According to a statement issued on 13-Nov-20, the department reviewed technology data for the quarter. A spokesperson said the findings in semiconductors were based on filings submitted under existing disclosure rules. No unusual activity was reported in connection with the matter.",world,19-Dec-20,REAL
Health update issued after vaccine programme review,"Officials confirmed on 20-Jul-21 that health figures were released following a routine review. Researchers noted that the results, published in vaccine programme, are consistent with data collected over the previous year. Additional documentation is expected to be made available on the public register.",world,25-Jul-19,REAL
You won't BELIEVE what insiders revealed about 5G networks - banned truth!!!,WAKE UP people!!! 5G networks is a total LIE and we have PROOF!!! A former employee who wants to stay completely anonymous said the truth about the secret footage is UNBELIEVABLE!!! The fact that this is not on the news proves EVERYTHING!!!,entertainment,02-Dec-20,FAKE
Officials review health figures in vaccine programme records,Officials confirmed on 21-Mar-21 that health figures were released following a routine review. A spokesperson said the findings in vaccine programme were based on filings submitted under existing disclosure rules. No unusual activity was reported in connection with the matter.,business,11-Jun-20,REAL
Economy update issued after inflation review,"Analysts said on 09-Aug-21 that economy indicators remained within the expected range, citing official records. A spokesperson said the findings in inflation were based on filings submitted under existing disclosure rules. The office declined to comment beyond the prepared statement.",technology,03-May-20,REAL
BREAKING: 5G networks scandal destroys everything - share before it's deleted!!!,The mainstream media will NEVER show you this about 5G networks - 100% guaranteed!!! Documents that nobody can verify (for reasons that are OBVIOUS) show that the banned report was hidden from YOU!!! If you believe the official story you are being DECEIVED!!! Wake up sheeple!!!,conspiracies,03-Sep-20,FAKE
You won't BELIEVE what insiders revealed about vaccines - banned truth!!!,Shocking new evidence about vaccines has just leaked and they are trying to BAN this article!!! Documents that nobody can verify (for reasons that are OBVIOUS) show that the deleted files was hidden from YOU!!! The fact that this is not on the news proves EVERYTHING!!!,world,12-Jun-20,FAKE
MIRACLE cure for vaccines discovered - doctors HATE this one trick!!!,The mainstream media will NEVER show you this about vaccines - 100% guaranteed!!! Anonymous sources claim that the deleted files proves the entire thing was staged from the beginning!!! The fact that this is not on the news proves EVERYTHING!!!,conspiracies,06-Sep-19,FAKE
SHOCKING!!! the government secret plan EXPOSED - what they don't want you to know!!!,The mainstream media will NEVER show you this about the government - 100% guaranteed!!! Everyone is talking about how the banned report was secretly changed overnight and NOBODY is asking questions!!! Comment your reaction NOW and tag everyone you know!!!,politics,22-Sep-19,FAKE
Health update issued after vaccine programme review,"Analysts said on 13-Sep-20 that health indicators remained within the expected range, citing official records. Independent observers who reviewed the materials in vaccine programme described the process as routine and orderly. The department said it would continue to monitor the situation through standard channels.",business,23-Oct-20,REAL
Officials review government figures in ministry records,"Officials confirmed on 09-May-21 that government figures were released following a routine review. Researchers noted that the results, published in ministry, are consistent with data collected over the previous year. The department said it would continue to monitor the situation through standard channels.",business,28-Jul-21,REAL
You won't BELIEVE what insiders revealed about the government - banned truth!!!,Insiders whispered the TRUTH about the government and it is worse than you could ever imagine!!! Everyone is talking about how the secret footage was secretly changed overnight and NOBODY is asking questions!!! The fact that this is not on the news proves EVERYTHING!!!,conspiracies,22-Apr-19,FAKE
You won't BELIEVE what insiders revealed about the government - banned truth!!!,Shocking new evidence about the government has just leaked and they are trying to BAN this article!!! Everyone is talking about how the deleted files was secretly changed overnight and NOBODY is asking questions!!! SHARE THIS before it gets taken down!!! WAKE UP!!!,politics,02-Mar-20,FAKE
Officials review technology figures in software records,A report published on 16-Apr-21 describes how technology developments were documented by the agency. The agency stated that further updates concerning software would be provided during the next scheduled briefing. Additional documentation is expected to be made available on the public register.,world,17-Aug-19,REAL
BREAKING: the media scandal destroys everything - share before it's deleted!!!,WAKE UP people!!! the media is a total LIE and we have PROOF!!! Everyone is talking about how the banned report was secretly changed overnight and NOBODY is asking questions!!! SHARE THIS before it gets taken down!!! WAKE UP!!!,politics,30-Jan-20,FAKE
MIRACLE cure for 5G networks discovered - doctors HATE this one trick!!!,Insiders whispered the TRUTH about 5G networks and it is worse than you could ever imagine!!! Anonymous sources claim that the banned report proves the entire thing was staged from the beginning!!! SHARE THIS before it gets taken down!!! WAKE UP!!!,politics,08-Jul-20,FAKE
MIRACLE cure for the media discovered - doctors HATE this one trick!!!,The mainstream media will NEVER show you this about the media - 100% guaranteed!!! A former employee who wants to stay completely anonymous said the truth about the leaked memo is UNBELIEVABLE!!! If you believe the official story you are being DECEIVED!!! Wake up sheeple!!!,world,24-Jul-20,FAKE
Officials review health figures in public health records,"Analysts said on 10-May-20 that health indicators remained within the expected range, citing official records. A spokesperson said the findings in public health were based on filings submitted under existing disclosure rules. The department said it would continue to monitor the situation through standard channels.",business,19-Aug-19,REAL
Officials review government figures in legislation records,"According to a statement issued on 02-Feb-21, the department reviewed government data for the quarter. Researchers noted that the results, published in legislation, are consistent with data collected over the previous year. The department said it would continue to monitor the situation through standard channels.",world,20-Mar-19,REAL
Officials review diplomatic figures in treaty records,"Analysts said on 27-Nov-20 that diplomatic indicators remained within the expected range, citing official records. Independent observers who reviewed the materials in treaty described the process as routine and orderly. No unusual activity was reported in connection with the matter.",politics,08-Feb-20,REAL
Economy update issued after employment review,A report published on 21-Apr-21 describes how economy developments were documented by the agency. A spokesperson said the findings in employment were based on filings submitted under existing disclosure rules. No unusual activity was reported in connection with the matter.,sports,23-Apr-19,REAL
Officials review government figures in parliament records,"According to a statement issued on 14-Mar-19, the department reviewed government data for the quarter. Independent observers who reviewed the materials in parliament described the process as routine and orderly. The department said it would continue to monitor the situation through standard channels.",technology,08-Aug-19,REAL
BREAKING: vaccines scandal destroys everything - share before it's deleted!!!,Insiders whispered the TRUTH about vaccines and it is worse than you could ever imagine!!! Everyone is talking about how the deleted files was secretly changed overnight and NOBODY is asking questions!!! The fact that this is not on the news proves EVERYTHING!!!,world,30-Jul-19,FAKE
"BOMBSHELL: the election conspiracy finally uncovered, mainstream media silent!!!",Shocking new evidence about the election has just leaked and they are trying to BAN this article!!! Anonymous sources claim that the leaked memo proves the entire thing was staged from the beginning!!! Comment your reaction NOW and tag everyone you know!!!,politics,16-Apr-20,FAKE
Diplomatic update issued after diplomacy review,Officials confirmed on 08-May-20 that diplomatic figures were released following a routine review. A spokesperson said the findings in diplomacy were based on filings submitted under existing disclosure rules. No unusual activity was reported in connection with the matter.,sports,26-Oct-20,REAL
"BOMBSHELL: vaccines conspiracy finally uncovered, mainstream media silent!!!",Shocking new evidence about vaccines has just leaked and they are trying to BAN this article!!! Anonymous sources claim that the banned report proves the entire thing was staged from the beginning!!! SHARE THIS before it gets taken down!!! WAKE UP!!!,conspiracies,05-Apr-19,FAKE
You won't BELIEVE what insiders revealed about vaccines - banned truth!!!,Insiders whispered the TRUTH about vaccines and it is worse than you could ever imagine!!! A former employee who wants to stay completely anonymous said the truth about the secret footage is UNBELIEVABLE!!! The fact that this is not on the news proves EVERYTHING!!!,health,14-May-19,FAKE
Officials review health figures in hospital records,"According to a statement issued on 13-Nov-19, the department reviewed health data for the quarter. A spokesperson said the findings in hospital were based on filings submitted under existing disclosure rules. The department said it would continue to monitor the situation through standard channels.",technology,16-Jul-19,REAL
BREAKING: 5G networks scandal destroys everything - share before it's deleted!!!,Insiders whispered the TRUTH about 5G networks and it is worse than you could ever imagine!!! Anonymous sources claim that the banned report proves the entire thing was staged from the beginning!!! The fact that this is not on the news proves EVERYTHING!!!,conspiracies,23-Jun-19,FAKE
Officials review government figures in ministry records,A report published on 19-Dec-20 describes how government developments were documented by the agency. A spokesperson said the findings in ministry were based on filings submitted under existing disclosure rules. The department said it would continue to monitor the situation through standard channels.,business,28-Apr-21,REAL
MIRACLE cure for 5G networks discovered - doctors HATE this one trick!!!,Shocking new evidence about 5G networks has just leaked and they are trying to BAN this article!!! Anonymous sources claim that the banned report proves the entire thing was staged from the beginning!!! If you believe the official story you are being DECEIVED!!! Wake up sheeple!!!,world,24-Oct-19,FAKE
MIRACLE cure for the election discovered - doctors HATE this one trick!!!,Shocking new evidence about the election has just leaked and they are trying to BAN this article!!! Documents that nobody can verify (for reasons that are OBVIOUS) show that the leaked memo was hidden from YOU!!! If you believe the official story you are being DECEIVED!!! Wake up sheeple!!!,world,12-Sep-20,FAKE
BREAKING: vaccines scandal destroys everything - share before it's deleted!!!,WAKE UP people!!! vaccines is a total LIE and we have PROOF!!! They deleted the evidence about the leaked memo but we saved it - share this before it disappears!!! Comment your reaction NOW and tag everyone you know!!!,conspiracies,03-Jun-20,FAKE
Officials review technology figures in engineering records,A report published on 18-Mar-19 describes how technology developments were documented by the agency. The agency stated that further updates concerning engineering would be provided during the next scheduled briefing. Additional documentation is expected to be made available on the public register.,business,21-Feb-19,REAL
Government update issued after ministry review,"According to a statement issued on 20-Nov-20, the department reviewed government data for the quarter. The announcement followed a month-long review in which the numbers were cross-checked against records from ministry. The office declined to comment beyond the prepared statement.",sports,12-Jun-21,REAL
Technology update issued after semiconductors review,The ministry announced on 11-Dec-19 that technology statistics had been verified by an independent auditor. The agency stated that further updates concerning semiconductors would be provided during the next scheduled briefing. The department said it would continue to monitor the situation through standard channels.,world,29-Sep-20,REAL
Officials review technology figures in semiconductors records,"According to a statement issued on 17-Sep-20, the department reviewed technology data for the quarter. A spokesperson said the findings in semiconductors were based on filings submitted under existing disclosure rules. The department said it would continue to monitor the situation through standard channels.",technology,09-Aug-19,REAL
MIRACLE cure for vaccines discovered - doctors HATE this one trick!!!,WAKE UP people!!! vaccines is a total LIE and we have PROOF!!! Anonymous sources claim that the leaked memo proves the entire thing was staged from the beginning!!! The fact that this is not on the news proves EVERYTHING!!!,conspiracies,04-Feb-19,FAKE
Officials review health figures in hospital records,"Analysts said on 30-Jul-21 that health indicators remained within the expected range, citing official records. The announcement followed a month-long review in which the numbers were cross-checked against records from hospital. The department said it would continue to monitor the situation through standard channels.",sports,27-Jun-21,REAL
MIRACLE cure for the election discovered - doctors HATE this one trick!!!,Shocking new evidence about the election has just leaked and they are trying to BAN this article!!! They deleted the evidence about the deleted files but we saved it - share this before it disappears!!! If you believe the official story you are being DECEIVED!!! Wake up sheeple!!!,health,26-Apr-19,FAKE
BREAKING: the media scandal destroys everything - share before it's deleted!!!,The mainstream media will NEVER show you this about the media - 100% guaranteed!!! A former employee who wants to stay completely anonymous said the truth about the leaked memo is UNBELIEVABLE!!! The fact that this is not on the news proves EVERYTHING!!!,conspiracies,19-Aug-21,FAKE
SHOCKING!!! vaccines secret plan EXPOSED - what they don't want you to know!!!,Shocking new evidence about vaccines has just leaked and they are trying to BAN this article!!! They deleted the evidence about the banned report but we saved it - share this before it disappears!!! SHARE THIS before it gets taken down!!! WAKE UP!!!,entertainment,02-Apr-19,FAKE
Diplomatic update issued after diplomacy review,Officials confirmed on 09-Feb-19 that diplomatic figures were released following a routine review. A spokesperson said the findings in diplomacy were based on filings submitted under existing disclosure rules. Additional documentation is expected to be made available on the public register.,health,12-Apr-20,REAL
MIRACLE cure for 5G networks discovered - doctors HATE this one trick!!!,The mainstream media will NEVER show you this about 5G networks - 100% guaranteed!!! Everyone is talking about how the banned report was secretly changed overnight and NOBODY is asking questions!!! The fact that this is not on the news proves EVERYTHING!!!,entertainment,29-Jan-20,FAKE
Officials review economy figures in employment records,"Analysts said on 04-Dec-20 that economy indicators remained within the expected range, citing official records. The agency stated that further updates concerning employment would be provided during the next scheduled briefing. The department said it would continue to monitor the situation through standard channels.",politics,24-May-19,REAL
You won't BELIEVE what insiders revealed about 5G networks - banned truth!!!,WAKE UP people!!! 5G networks is a total LIE and we have PROOF!!! A former employee who wants to stay completely anonymous said the truth about the secret footage is UNBELIEVABLE!!! Comment your reaction NOW and tag everyone you know!!!,politics,31-Jan-21,FAKE
You won't BELIEVE what insiders revealed about 5G networks - banned truth!!!,WAKE UP people!!! 5G networks is a total LIE and we have PROOF!!! A former employee who wants to stay completely anonymous said the truth about the banned report is UNBELIEVABLE!!! SHARE THIS before it gets taken down!!! WAKE UP!!!,world,24-Jul-21,FAKE
Officials review health figures in hospital records,Officials confirmed on 02-Sep-19 that health figures were released following a routine review. The agency stated that further updates concerning hospital would be provided during the next scheduled briefing. The office declined to comment beyond the prepared statement.,technology,03-Sep-20,REAL
Officials review technology figures in research records,A report published on 15-Dec-20 describes how technology developments were documented by the agency. A spokesperson said the findings in research were based on filings submitted under existing disclosure rules. The office declined to comment beyond the prepared statement.,technology,14-Feb-19,REAL
Officials review economy figures in markets records,The ministry announced on 13-Sep-21 that economy statistics had been verified by an independent auditor. Independent observers who reviewed the materials in markets described the process as routine and orderly. The office declined to comment beyond the prepared statement.,technology,01-Mar-20,REAL
You won't BELIEVE what insiders revealed about 5G networks - banned truth!!!,WAKE UP people!!! 5G networks is a total LIE and we have PROOF!!! Documents that nobody can verify (for reasons that are OBVIOUS) show that the banned report was hidden from YOU!!! Comment your reaction NOW and tag everyone you know!!!,entertainment,08-Mar-21,FAKE
BREAKING: 5G networks scandal destroys everything - share before it's deleted!!!,Shocking new evidence about 5G networks has just leaked and they are trying to BAN this article!!! Everyone is talking about how the leaked memo was secretly changed overnight and NOBODY is asking questions!!! If you believe the official story you are being DECEIVED!!! Wake up sheeple!!!,health,16-Sep-19,FAKE
Officials review diplomatic figures in summit records,A report published on 04-Nov-19 describes how diplomatic developments were documented by the agency. The announcement followed a month-long review in which the numbers were cross-checked against records from summit. No unusual activity was reported in connection with the matter.,technology,22-Jan-20,REAL
Officials review government figures in ministry records,"According to a statement issued on 10-Nov-19, the department reviewed government data for the quarter. The agency stated that further updates concerning ministry would be provided during the next scheduled briefing. The office declined to comment beyond the prepared statement.",technology,26-Dec-19,REAL
MIRACLE cure for the media discovered - doctors HATE this one trick!!!,The mainstream media will NEVER show you this about the media - 100% guaranteed!!! Documents that nobody can verify (for reasons that are OBVIOUS) show that the banned report was hidden from YOU!!! If you believe the official story you are being DECEIVED!!! Wake up sheeple!!!,world,31-May-21,FAKE
You won't BELIEVE what insiders revealed about the media - banned truth!!!,Shocking new evidence about the media has just leaked and they are trying to BAN this article!!! A former employee who wants to stay completely anonymous said the truth about the deleted files is UNBELIEVABLE!!! SHARE THIS before it gets taken down!!! WAKE UP!!!,entertainment,31-Mar-19,FAKE
Officials review economy figures in inflation records,Officials confirmed on 05-Mar-19 that economy figures were released following a routine review. A spokesperson said the findings in inflation were based on filings submitted under existing disclosure rules. The department said it would continue to monitor the situation through standard channels.,technology,17-Jan-20,REAL
Government update issued after budget review,The ministry announced on 05-Aug-19 that government statistics had been verified by an independent auditor. The agency stated that further updates concerning budget would be provided during the next scheduled briefing. The office declined to comment beyond the prepared statement.,business,20-Apr-21,REAL
Officials review technology figures in software records,Officials confirmed on 05-Jan-20 that technology figures were released following a routine review. The announcement followed a month-long review in which the numbers were cross-checked against records from software. The office declined to comment beyond the prepared statement.,sports,02-Oct-20,REAL
MIRACLE cure for the media discovered - doctors HATE this one trick!!!,WAKE UP people!!! the media is a total LIE and we have PROOF!!! Everyone is talking about how the secret footage was secretly changed overnight and NOBODY is asking questions!!! If you believe the official story you are being DECEIVED!!! Wake up sheeple!!!,world,05-Aug-19,FAKE
BREAKING: the election scandal destroys everything - share before it's deleted!!!,Insiders whispered the TRUTH about the election and it is worse than you could ever imagine!!! Everyone is talking about how the deleted files was secretly changed overnight and NOBODY is asking questions!!! SHARE THIS before it gets taken down!!! WAKE UP!!!,politics,13-Oct-20,FAKE
SHOCKING!!! vaccines secret plan EXPOSED - what they don't want you to know!!!,Shocking new evidence about vaccines has just leaked and they are trying to BAN this article!!! Anonymous sources claim that the leaked memo proves the entire thing was staged from the beginning!!! If you believe the official story you are being DECEIVED!!! Wake up sheeple!!!,health,26-Oct-20,FAKE
BREAKING: the government scandal destroys everything - share before it's deleted!!!,Insiders whispered the TRUTH about the government and it is worse than you could ever imagine!!! Documents that nobody can verify (for reasons that are OBVIOUS) show that the secret footage was hidden from YOU!!! The fact that this is not on the news proves EVERYTHING!!!,health,18-May-19,FAKE
Diplomatic update issued after treaty review,A report published on 15-Apr-21 describes how diplomatic developments were documented by the agency. Independent observers who reviewed the materials in treaty described the process as routine and orderly. Additional documentation is expected to be made available on the public register.,sports,18-Apr-21,REAL
Officials review health figures in clinic records,The ministry announced on 26-Aug-19 that health statistics had been verified by an independent auditor. The agency stated that further updates concerning clinic would be provided during the next scheduled briefing. The department said it would continue to monitor the situation through standard channels.,sports,18-Mar-20,REAL
"BOMBSHELL: the media conspiracy finally uncovered, mainstream media silent!!!",WAKE UP people!!! the media is a total LIE and we have PROOF!!! Documents that nobody can verify (for reasons that are OBVIOUS) show that the banned report was hidden from YOU!!! Comment your reaction NOW and tag everyone you know!!!,world,30-May-21,FAKE
MIRACLE cure for the election discovered - doctors HATE this one trick!!!,WAKE UP people!!! the election is a total LIE and we have PROOF!!! Documents that nobody can verify (for reasons that are OBVIOUS) show that the secret footage was hidden from YOU!!! SHARE THIS before it gets taken down!!! WAKE UP!!!,world,16-Jan-19,FAKE
Government update issued after legislation review,Officials confirmed on 19-Aug-19 that government figures were released following a routine review. The announcement followed a month-long review in which the numbers were cross-checked against records from legislation. The office declined to comment beyond the prepared statement.,sports,02-May-21,REAL
BREAKING: the media scandal destroys everything - share before it's deleted!!!,This one weird trick about the media changed everything and experts are FURIOUS!!! They deleted the evidence about the deleted files but we saved it - share this before it disappears!!! SHARE THIS before it gets taken down!!! WAKE UP!!!,world,18-Mar-20,FAKE
Economy update issued after employment review,"Analysts said on 18-Jan-20 that economy indicators remained within the expected range, citing official records. The agency stated that further updates concerning employment would be provided during the next scheduled briefing. The office declined to comment beyond the prepared statement.",sports,25-Apr-21,REAL
Diplomatic update issued after diplomacy review,The ministry announced on 13-Jun-21 that diplomatic statistics had been verified by an independent auditor. The agency stated that further updates concerning diplomacy would be provided during the next scheduled briefing. No unusual activity was reported in connection with the matter.,business,17-Sep-19,REAL
You won't BELIEVE what insiders revealed about the government - banned truth!!!,The mainstream media will NEVER show you this about the government - 100% guaranteed!!! Documents that nobody can verify (for reasons that are OBVIOUS) show that the banned report was hidden from YOU!!! Comment your reaction NOW and tag everyone you know!!!,conspiracies,18-Jun-19,FAKE
MIRACLE cure for the government discovered - doctors HATE this one trick!!!,Insiders whispered the TRUTH about the government and it is worse than you could ever imagine!!! Documents that nobody can verify (for reasons that are OBVIOUS) show that the deleted files was hidden from YOU!!! If you believe the official story you are being DECEIVED!!! Wake up sheeple!!!,world,10-Mar-20,FAKE
Officials review technology figures in engineering records,"Analysts said on 05-Feb-21 that technology indicators remained within the expected range, citing official records. Independent observers who reviewed the materials in engineering described the process as routine and orderly. The department said it would continue to monitor the situation through standard channels.",politics,03-Apr-21,REAL
Technology update issued after engineering review,"Analysts said on 25-Jul-19 that technology indicators remained within the expected range, citing official records. Independent observers who reviewed the materials in engineering described the process as routine and orderly. No unusual activity was reported in connection with the matter.",politics,30-Jul-21,REAL
Officials review government figures in ministry records,"Analysts said on 25-Jul-21 that government indicators remained within the expected range, citing official records. Independent observers who reviewed the materials in ministry described the process as routine and orderly. Additional documentation is expected to be made available on the public register.",business,20-Aug-19,REAL
SHOCKING!!! the government secret plan EXPOSED - what they don't want you to know!!!,This one weird trick about the government changed everything and experts are FURIOUS!!! Anonymous sources claim that the leaked memo proves the entire thing was staged from the beginning!!! If you believe the official story you are being DECEIVED!!! Wake up sheeple!!!,conspiracies,10-May-19,FAKE
Technology update issued after engineering review,The ministry announced on 03-Dec-20 that technology statistics had been verified by an independent auditor. The announcement followed a month-long review in which the numbers were cross-checked against records from engineering. The office declined to comment beyond the prepared statement.,technology,17-Mar-19,REAL
BREAKING: 5G networks scandal destroys everything - share before it's deleted!!!,Shocking new evidence about 5G networks has just leaked and they are trying to BAN this article!!! Anonymous sources claim that the secret footage proves the entire thing was staged from the beginning!!! SHARE THIS before it gets taken down!!! WAKE UP!!!,world,15-May-20,FAKE
BREAKING: the government scandal destroys everything - share before it's deleted!!!,WAKE UP people!!! the government is a total LIE and we have PROOF!!! Documents that nobody can verify (for reasons that are OBVIOUS) show that the deleted files was hidden from YOU!!! If you believe the official story you are being DECEIVED!!! Wake up sheeple!!!,politics,26-Jun-19,FAKE
"BOMBSHELL: the government conspiracy finally uncovered, mainstream media silent!!!",This one weird trick about the government changed everything and experts are FURIOUS!!! Everyone is talking about how the banned report was secretly changed overnight and NOBODY is asking questions!!! If you believe the official story you are being DECEIVED!!! Wake up sheeple!!!,world,18-Sep-20,FAKE
"BOMBSHELL: the election conspiracy finally uncovered, mainstream media silent!!!",WAKE UP people!!! the election is a total LIE and we have PROOF!!! They deleted the evidence about the leaked memo but we saved it - share this before it disappears!!! The fact that this is not on the news proves EVERYTHING!!!,entertainment,28-Aug-21,FAKE
MIRACLE cure for the election discovered - doctors HATE this one trick!!!,This one weird trick about the election changed everything and experts are FURIOUS!!! Everyone is talking about how the banned report was secretly changed overnight and NOBODY is asking questions!!! If you believe the official story you are being DECEIVED!!! Wake up sheeple!!!,politics,21-Mar-21,FAKE
"BOMBSHELL: the media conspiracy finally uncovered, mainstream media silent!!!",The mainstream media will NEVER show you this about the media - 100% guaranteed!!! Documents that nobody can verify (for reasons that are OBVIOUS) show that the leaked memo was hidden from YOU!!! If you believe the official story you are being DECEIVED!!! Wake up sheeple!!!,world,09-Mar-19,FAKE
MIRACLE cure for the government discovered - doctors HATE this one trick!!!,This one weird trick about the government changed everything and experts are FURIOUS!!! They deleted the evidence about the leaked memo but we saved it - share this before it disappears!!! If you believe the official story you are being DECEIVED!!! Wake up sheeple!!!,politics,03-Apr-21,FAKE
SHOCKING!!! the government secret plan EXPOSED - what they don't want you to know!!!,Shocking new evidence about the government has just leaked and they are trying to BAN this article!!! Documents that nobody can verify (for reasons that are OBVIOUS) show that the deleted files was hidden from YOU!!! SHARE THIS before it gets taken down!!! WAKE UP!!!,health,18-Oct-19,FAKE
Health update issued after vaccine programme review,A report published on 13-Nov-20 describes how health developments were documented by the agency. The announcement followed a month-long review in which the numbers were cross-checked against records from vaccine programme. Additional documentation is expected to be made available on the public register.,technology,24-Sep-21,REAL
Technology update issued after engineering review,Officials confirmed on 04-Apr-20 that technology figures were released following a routine review. Independent observers who reviewed the materials in engineering described the process as routine and orderly. The office declined to comment beyond the prepared statement.,health,02-Jun-20,REAL
BREAKING: the media scandal destroys everything - share before it's deleted!!!,This one weird trick about the media changed everything and experts are FURIOUS!!! A former employee who wants to stay completely anonymous said the truth about the deleted files is UNBELIEVABLE!!! Comment your reaction NOW and tag everyone you know!!!,health,06-Jul-20,FAKE
SHOCKING!!! the government secret plan EXPOSED - what they don't want you to know!!!,The mainstream media will NEVER show you this about the government - 100% guaranteed!!! They deleted the evidence about the banned report but we saved it - share this before it disappears!!! If you believe the official story you are being DECEIVED!!! Wake up sheeple!!!,conspiracies,07-Mar-19,FAKE
BREAKING: vaccines scandal destroys everything - share before it's deleted!!!,Insiders whispered the TRUTH about vaccines and it is worse than you could ever imagine!!! They deleted the evidence about the secret footage but we saved it - share this before it disappears!!! The fact that this is not on the news proves EVERYTHING!!!,world,23-Jun-21,FAKE
Officials review government figures in parliament records,"Analysts said on 27-Oct-20 that government indicators remained within the expected range, citing official records. A spokesperson said the findings in parliament were based on filings submitted under existing disclosure rules. The office declined to comment beyond the prepared statement.",world,05-Oct-20,REAL
Officials review diplomatic figures in diplomacy records,"Analysts said on 18-Apr-20 that diplomatic indicators remained within the expected range, citing official records. The agency stated that further updates concerning diplomacy would be provided during the next scheduled briefing. No unusual activity was reported in connection with the matter.",business,29-Sep-20,REAL
Diplomatic update issued after border talks review,"According to a statement issued on 03-Jun-20, the department reviewed diplomatic data for the quarter. Researchers noted that the results, published in border talks, are consistent with data collected over the previous year. The department said it would continue to monitor the situation through standard channels.",health,05-Jul-19,REAL
Officials review government figures in legislation records,Officials confirmed on 12-Nov-19 that government figures were released following a routine review. The agency stated that further updates concerning legislation would be provided during the next scheduled briefing. The office declined to comment beyond the prepared statement.,sports,29-Sep-19,REAL
Economy update issued after inflation review,Officials confirmed on 02-Oct-19 that economy figures were released following a routine review. A spokesperson said the findings in inflation were based on filings submitted under existing disclosure rules. The office declined to comment beyond the prepared statement.,sports,07-Jun-19,REAL
MIRACLE cure for 5G networks discovered - doctors HATE this one trick!!!,Insiders whispered the TRUTH about 5G networks and it is worse than you could ever imagine!!! They deleted the evidence about the secret footage but we saved it - share this before it disappears!!! Comment your reaction NOW and tag everyone you know!!!,health,09-Jul-20,FAKE
Government update issued after budget review,"According to a statement issued on 21-Aug-19, the department reviewed government data for the quarter. The announcement followed a month-long review in which the numbers were cross-checked against records from budget. The office declined to comment beyond the prepared statement.",sports,21-Dec-20,REAL
SHOCKING!!! the election secret plan EXPOSED - what they don't want you to know!!!,This one weird trick about the election changed everything and experts are FURIOUS!!! Documents that nobody can verify (for reasons that are OBVIOUS) show that the leaked memo was hidden from YOU!!! If you believe the official story you are being DECEIVED!!! Wake up sheeple!!!,health,14-Jan-20,FAKE
Diplomatic update issued after summit review,"Officials confirmed on 08-Jan-21 that diplomatic figures were released following a routine review. Researchers noted that the results, published in summit, are consistent with data collected over the previous year. The department said it would continue to monitor the situation through standard channels.",technology,20-Jul-19,REAL
BREAKING: vaccines scandal destroys everything - share before it's deleted!!!,WAKE UP people!!! vaccines is a total LIE and we have PROOF!!! Anonymous sources claim that the leaked memo proves the entire thing was staged from the beginning!!! Comment your reaction NOW and tag everyone you know!!!,entertainment,16-Feb-20,FAKE
Diplomatic update issued after diplomacy review,Officials confirmed on 30-Jul-20 that diplomatic figures were released following a routine review. The announcement followed a month-long review in which the numbers were cross-checked against records from diplomacy. Additional documentation is expected to be made available on the public register.,business,17-Jun-21,REAL
"BOMBSHELL: vaccines conspiracy finally uncovered, mainstream media silent!!!",Shocking new evidence about vaccines has just leaked and they are trying to BAN this article!!! They deleted the evidence about the secret footage but we saved it - share this before it disappears!!! The fact that this is not on the news proves EVERYTHING!!!,entertainment,05-Aug-20,FAKE
You won't BELIEVE what insiders revealed about 5G networks - banned truth!!!,Insiders whispered the TRUTH about 5G networks and it is worse than you could ever imagine!!! Documents that nobody can verify (for reasons that are OBVIOUS) show that the banned report was hidden from YOU!!! The fact that this is not on the news proves EVERYTHING!!!,entertainment,07-Jan-19,FAKE
Diplomatic update issued after treaty review,"A report published on 11-Jan-21 describes how diplomatic developments were documented by the agency. Researchers noted that the results, published in treaty, are consistent with data collected over the previous year. The office declined to comment beyond the prepared statement.",politics,24-Aug-19,REAL
Officials review health figures in vaccine programme records,"According to a statement issued on 13-Feb-19, the department reviewed health data for the quarter. Researchers noted that the results, published in vaccine programme, are consistent with data collected over the previous year. No unusual activity was reported in connection with the matter.",technology,02-Nov-20,REAL
MIRACLE cure for vaccines discovered - doctors HATE this one trick!!!,Shocking new evidence about vaccines has just leaked and they are trying to BAN this article!!! They deleted the evidence about the deleted files but we saved it - share this before it disappears!!! SHARE THIS before it gets taken down!!! WAKE UP!!!,world,11-Apr-20,FAKE
SHOCKING!!! 5G networks secret plan EXPOSED - what they don't want you to know!!!,WAKE UP people!!! 5G networks is a total LIE and we have PROOF!!! A former employee who wants to stay completely anonymous said the truth about the banned report is UNBELIEVABLE!!! If you believe the official story you are being DECEIVED!!! Wake up sheeple!!!,conspiracies,21-Mar-21,FAKE
SHOCKING!!! 5G networks secret plan EXPOSED - what they don't want you to know!!!,WAKE UP people!!! 5G networks is a total LIE and we have PROOF!!! Everyone is talking about how the secret footage was secretly changed overnight and NOBODY is asking questions!!! Comment your reaction NOW and tag everyone you know!!!,world,22-May-19,FAKE
Officials review diplomatic figures in diplomacy records,The ministry announced on 29-Aug-20 that diplomatic statistics had been verified by an independent auditor. Independent observers who reviewed the materials in diplomacy described the process as routine and orderly. No unusual activity was reported in connection with the matter.,technology,19-May-19,REAL
Diplomatic update issued after border talks review,"According to a statement issued on 03-Mar-19, the department reviewed diplomatic data for the quarter. Independent observers who reviewed the materials in border talks described the process as routine and orderly. The office declined to comment beyond the prepared statement.",politics,07-Jan-19,REAL
Officials review diplomatic figures in summit records,The ministry announced on 10-Aug-21 that diplomatic statistics had been verified by an independent auditor. The agency stated that further updates concerning summit would be provided during the next scheduled briefing. No unusual activity was reported in connection with the matter.,technology,02-Jun-20,REAL
Officials review health figures in public health records,"According to a statement issued on 25-Mar-21, the department reviewed health data for the quarter. The agency stated that further updates concerning public health would be provided during the next scheduled briefing. No unusual activity was reported in connection with the matter.",technology,15-Apr-20,REAL
"BOMBSHELL: the election conspiracy finally uncovered, mainstream media silent!!!",This one weird trick about the election changed everything and experts are FURIOUS!!! Everyone is talking about how the leaked memo was secretly changed overnight and NOBODY is asking questions!!! The fact that this is not on the news proves EVERYTHING!!!,world,13-Sep-21,FAKE
MIRACLE cure for the election discovered - doctors HATE this one trick!!!,This one weird trick about the election changed everything and experts are FURIOUS!!! Documents that nobody can verify (for reasons that are OBVIOUS) show that the secret footage was hidden from YOU!!! SHARE THIS before it gets taken down!!! WAKE UP!!!,entertainment,12-Jun-20,FAKE
Officials review diplomatic figures in diplomacy records,A report published on 17-Jul-19 describes how diplomatic developments were documented by the agency. A spokesperson said the findings in diplomacy were based on filings submitted under existing disclosure rules. No unusual activity was reported in connection with the matter.,technology,21-Feb-19,REAL
SHOCKING!!! the media secret plan EXPOSED - what they don't want you to know!!!,WAKE UP people!!! the media is a total LIE and we have PROOF!!! Everyone is talking about how the leaked memo was secretly changed overnight and NOBODY is asking questions!!! SHARE THIS before it gets taken down!!! WAKE UP!!!,politics,28-Feb-21,FAKE
Technology update issued after software review,"Analysts said on 19-Oct-20 that technology indicators remained within the expected range, citing official records. The announcement followed a month-long review in which the numbers were cross-checked against records from software. No unusual activity was reported in connection with the matter.",politics,25-Aug-21,REAL
You won't BELIEVE what insiders revealed about the media - banned truth!!!,This one weird trick about the media changed everything and experts are FURIOUS!!! Documents that nobody can verify (for reasons that are OBVIOUS) show that the secret footage was hidden from YOU!!! If you believe the official story you are being DECEIVED!!! Wake up sheeple!!!,conspiracies,06-Feb-21,FAKE
"BOMBSHELL: vaccines conspiracy finally uncovered, mainstream media silent!!!",The mainstream media will NEVER show you this about vaccines - 100% guaranteed!!! Everyone is talking about how the deleted files was secretly changed overnight and NOBODY is asking questions!!! If you believe the official story you are being DECEIVED!!! Wake up sheeple!!!,entertainment,27-Jun-19,FAKE
"BOMBSHELL: the media conspiracy finally uncovered, mainstream media silent!!!",Insiders whispered the TRUTH about the media and it is worse than you could ever imagine!!! They deleted the evidence about the secret footage but we saved it - share this before it disappears!!! The fact that this is not on the news proves EVERYTHING!!!,health,30-Apr-20,FAKE
Government update issued after ministry review,"According to a statement issued on 03-Sep-19, the department reviewed government data for the quarter. The announcement followed a month-long review in which the numbers were cross-checked against records from ministry. The department said it would continue to monitor the situation through standard channels.",politics,29-Mar-19,REAL
MIRACLE cure for the government discovered - doctors HATE this one trick!!!,The mainstream media will NEVER show you this about the government - 100% guaranteed!!! Documents that nobody can verify (for reasons that are OBVIOUS) show that the banned report was hidden from YOU!!! If you believe the official story you are being DECEIVED!!! Wake up sheeple!!!,world,17-Oct-20,FAKE
Officials review economy figures in markets records,"The ministry announced on 27-Jan-19 that economy statistics had been verified by an independent auditor. Researchers noted that the results, published in markets, are consistent with data collected over the previous year. Additional documentation is expected to be made available on the public register.",health,13-May-19,REAL
Officials review health figures in public health records,"According to a statement issued on 09-Mar-20, the department reviewed health data for the quarter. The agency stated that further updates concerning public health would be provided during the next scheduled briefing. Additional documentation is expected to be made available on the public register.",world,22-Apr-20,REAL
